ISO-10303-21;
HEADER;
/* Generated by software containing ST-Developer
 * from STEP Tools, Inc. (www.steptools.com) 
 */

FILE_DESCRIPTION(
/* description */ (''),
/* implementation_level */ '2;1');

FILE_NAME(
/* name */ 'Bench_.step',
/* time_stamp */ '2025-08-25T22:32:13+02:00',
/* author */ (''),
/* organization */ (''),
/* preprocessor_version */ 'ST-DEVELOPER v20.1',
/* originating_system */ 'Autodesk Translation Framework v14.10.0.0',
/* authorisation */ '');

FILE_SCHEMA (('AUTOMOTIVE_DESIGN { 1 0 10303 214 3 1 1 }'));
ENDSEC;

DATA;
#10=MECHANICAL_DESIGN_GEOMETRIC_PRESENTATION_REPRESENTATION('',(#151,#152,
#153,#154,#155,#156,#157,#158,#159,#160,#161,#162,#163,#164,#165,#166,#167,
#168,#169,#170),#3668);
#11=CONTEXT_DEPENDENT_OVER_RIDING_STYLED_ITEM('',(#3841),#3752,#170,(#74,
#69));
#12=CONTEXT_DEPENDENT_OVER_RIDING_STYLED_ITEM('',(#3841),#3755,#170,(#74,
#71,#66));
#13=CONTEXT_DEPENDENT_OVER_RIDING_STYLED_ITEM('',(#3841),#3755,#170,(#74,
#71,#65));
#14=CONTEXT_DEPENDENT_OVER_RIDING_STYLED_ITEM('',(#3841),#3755,#170,(#74,
#71,#64));
#15=CONTEXT_DEPENDENT_OVER_RIDING_STYLED_ITEM('',(#3841),#3750,#170,(#74,
#67));
#16=CONTEXT_DEPENDENT_OVER_RIDING_STYLED_ITEM('',(#3841),#3753,#170,(#74,
#70));
#17=CONTEXT_DEPENDENT_OVER_RIDING_STYLED_ITEM('',(#3841),#3751,#170,(#74,
#68));
#18=CONTEXT_DEPENDENT_OVER_RIDING_STYLED_ITEM('',(#3841),#3740,#170,(#72,
#54));
#19=CONTEXT_DEPENDENT_OVER_RIDING_STYLED_ITEM('',(#3841),#3741,#170,(#72,
#55));
#20=CONTEXT_DEPENDENT_OVER_RIDING_STYLED_ITEM('',(#3841),#3738,#170,(#72,
#52));
#21=CONTEXT_DEPENDENT_OVER_RIDING_STYLED_ITEM('',(#3841),#3739,#170,(#72,
#53));
#22=CONTEXT_DEPENDENT_OVER_RIDING_STYLED_ITEM('',(#3841),#3746,#170,(#73,
#59));
#23=CONTEXT_DEPENDENT_OVER_RIDING_STYLED_ITEM('',(#3841),#3747,#170,(#73,
#60));
#24=CONTEXT_DEPENDENT_OVER_RIDING_STYLED_ITEM('',(#3841),#3745,#170,(#73,
#58));
#25=CONTEXT_DEPENDENT_OVER_RIDING_STYLED_ITEM('',(#3841),#3744,#170,(#73,
#57));
#26=CONTEXT_DEPENDENT_OVER_RIDING_STYLED_ITEM('',(#3841),#3743,#170,(#73,
#56));
#27=MAPPED_ITEM('',#28,#2456);
#28=REPRESENTATION_MAP(#2456,#3736);
#29=ITEM_DEFINED_TRANSFORMATION($,$,#2293,#2329);
#30=ITEM_DEFINED_TRANSFORMATION($,$,#2302,#2330);
#31=ITEM_DEFINED_TRANSFORMATION($,$,#2311,#2331);
#32=ITEM_DEFINED_TRANSFORMATION($,$,#2320,#2332);
#33=ITEM_DEFINED_TRANSFORMATION($,$,#2334,#2400);
#34=ITEM_DEFINED_TRANSFORMATION($,$,#2341,#2401);
#35=ITEM_DEFINED_TRANSFORMATION($,$,#2360,#2402);
#36=ITEM_DEFINED_TRANSFORMATION($,$,#2379,#2403);
#37=ITEM_DEFINED_TRANSFORMATION($,$,#2386,#2404);
#38=ITEM_DEFINED_TRANSFORMATION($,$,#2393,#2405);
#39=ITEM_DEFINED_TRANSFORMATION($,$,#2393,#2406);
#40=ITEM_DEFINED_TRANSFORMATION($,$,#2393,#2407);
#41=ITEM_DEFINED_TRANSFORMATION($,$,#2438,#2445);
#42=ITEM_DEFINED_TRANSFORMATION($,$,#2438,#2446);
#43=ITEM_DEFINED_TRANSFORMATION($,$,#2438,#2447);
#44=ITEM_DEFINED_TRANSFORMATION($,$,#2409,#2448);
#45=ITEM_DEFINED_TRANSFORMATION($,$,#2416,#2449);
#46=ITEM_DEFINED_TRANSFORMATION($,$,#2423,#2450);
#47=ITEM_DEFINED_TRANSFORMATION($,$,#2430,#2451);
#48=ITEM_DEFINED_TRANSFORMATION($,$,#2437,#2452);
#49=ITEM_DEFINED_TRANSFORMATION($,$,#2292,#2453);
#50=ITEM_DEFINED_TRANSFORMATION($,$,#2333,#2454);
#51=ITEM_DEFINED_TRANSFORMATION($,$,#2408,#2455);
#52=(
REPRESENTATION_RELATIONSHIP($,$,#3738,#3737)
REPRESENTATION_RELATIONSHIP_WITH_TRANSFORMATION(#29)
SHAPE_REPRESENTATION_RELATIONSHIP()
);
#53=(
REPRESENTATION_RELATIONSHIP($,$,#3739,#3737)
REPRESENTATION_RELATIONSHIP_WITH_TRANSFORMATION(#30)
SHAPE_REPRESENTATION_RELATIONSHIP()
);
#54=(
REPRESENTATION_RELATIONSHIP($,$,#3740,#3737)
REPRESENTATION_RELATIONSHIP_WITH_TRANSFORMATION(#31)
SHAPE_REPRESENTATION_RELATIONSHIP()
);
#55=(
REPRESENTATION_RELATIONSHIP($,$,#3741,#3737)
REPRESENTATION_RELATIONSHIP_WITH_TRANSFORMATION(#32)
SHAPE_REPRESENTATION_RELATIONSHIP()
);
#56=(
REPRESENTATION_RELATIONSHIP($,$,#3743,#3742)
REPRESENTATION_RELATIONSHIP_WITH_TRANSFORMATION(#33)
SHAPE_REPRESENTATION_RELATIONSHIP()
);
#57=(
REPRESENTATION_RELATIONSHIP($,$,#3744,#3742)
REPRESENTATION_RELATIONSHIP_WITH_TRANSFORMATION(#34)
SHAPE_REPRESENTATION_RELATIONSHIP()
);
#58=(
REPRESENTATION_RELATIONSHIP($,$,#3745,#3742)
REPRESENTATION_RELATIONSHIP_WITH_TRANSFORMATION(#35)
SHAPE_REPRESENTATION_RELATIONSHIP()
);
#59=(
REPRESENTATION_RELATIONSHIP($,$,#3746,#3742)
REPRESENTATION_RELATIONSHIP_WITH_TRANSFORMATION(#36)
SHAPE_REPRESENTATION_RELATIONSHIP()
);
#60=(
REPRESENTATION_RELATIONSHIP($,$,#3747,#3742)
REPRESENTATION_RELATIONSHIP_WITH_TRANSFORMATION(#37)
SHAPE_REPRESENTATION_RELATIONSHIP()
);
#61=(
REPRESENTATION_RELATIONSHIP($,$,#3748,#3742)
REPRESENTATION_RELATIONSHIP_WITH_TRANSFORMATION(#38)
SHAPE_REPRESENTATION_RELATIONSHIP()
);
#62=(
REPRESENTATION_RELATIONSHIP($,$,#3748,#3742)
REPRESENTATION_RELATIONSHIP_WITH_TRANSFORMATION(#39)
SHAPE_REPRESENTATION_RELATIONSHIP()
);
#63=(
REPRESENTATION_RELATIONSHIP($,$,#3748,#3742)
REPRESENTATION_RELATIONSHIP_WITH_TRANSFORMATION(#40)
SHAPE_REPRESENTATION_RELATIONSHIP()
);
#64=(
REPRESENTATION_RELATIONSHIP($,$,#3755,#3754)
REPRESENTATION_RELATIONSHIP_WITH_TRANSFORMATION(#41)
SHAPE_REPRESENTATION_RELATIONSHIP()
);
#65=(
REPRESENTATION_RELATIONSHIP($,$,#3755,#3754)
REPRESENTATION_RELATIONSHIP_WITH_TRANSFORMATION(#42)
SHAPE_REPRESENTATION_RELATIONSHIP()
);
#66=(
REPRESENTATION_RELATIONSHIP($,$,#3755,#3754)
REPRESENTATION_RELATIONSHIP_WITH_TRANSFORMATION(#43)
SHAPE_REPRESENTATION_RELATIONSHIP()
);
#67=(
REPRESENTATION_RELATIONSHIP($,$,#3750,#3749)
REPRESENTATION_RELATIONSHIP_WITH_TRANSFORMATION(#44)
SHAPE_REPRESENTATION_RELATIONSHIP()
);
#68=(
REPRESENTATION_RELATIONSHIP($,$,#3751,#3749)
REPRESENTATION_RELATIONSHIP_WITH_TRANSFORMATION(#45)
SHAPE_REPRESENTATION_RELATIONSHIP()
);
#69=(
REPRESENTATION_RELATIONSHIP($,$,#3752,#3749)
REPRESENTATION_RELATIONSHIP_WITH_TRANSFORMATION(#46)
SHAPE_REPRESENTATION_RELATIONSHIP()
);
#70=(
REPRESENTATION_RELATIONSHIP($,$,#3753,#3749)
REPRESENTATION_RELATIONSHIP_WITH_TRANSFORMATION(#47)
SHAPE_REPRESENTATION_RELATIONSHIP()
);
#71=(
REPRESENTATION_RELATIONSHIP($,$,#3754,#3749)
REPRESENTATION_RELATIONSHIP_WITH_TRANSFORMATION(#48)
SHAPE_REPRESENTATION_RELATIONSHIP()
);
#72=(
REPRESENTATION_RELATIONSHIP($,$,#3737,#3736)
REPRESENTATION_RELATIONSHIP_WITH_TRANSFORMATION(#49)
SHAPE_REPRESENTATION_RELATIONSHIP()
);
#73=(
REPRESENTATION_RELATIONSHIP($,$,#3742,#3736)
REPRESENTATION_RELATIONSHIP_WITH_TRANSFORMATION(#50)
SHAPE_REPRESENTATION_RELATIONSHIP()
);
#74=(
REPRESENTATION_RELATIONSHIP($,$,#3749,#3736)
REPRESENTATION_RELATIONSHIP_WITH_TRANSFORMATION(#51)
SHAPE_REPRESENTATION_RELATIONSHIP()
);
#75=CONTEXT_DEPENDENT_SHAPE_REPRESENTATION(#52,#3699);
#76=CONTEXT_DEPENDENT_SHAPE_REPRESENTATION(#53,#3700);
#77=CONTEXT_DEPENDENT_SHAPE_REPRESENTATION(#54,#3701);
#78=CONTEXT_DEPENDENT_SHAPE_REPRESENTATION(#55,#3702);
#79=CONTEXT_DEPENDENT_SHAPE_REPRESENTATION(#56,#3710);
#80=CONTEXT_DEPENDENT_SHAPE_REPRESENTATION(#57,#3711);
#81=CONTEXT_DEPENDENT_SHAPE_REPRESENTATION(#58,#3712);
#82=CONTEXT_DEPENDENT_SHAPE_REPRESENTATION(#59,#3713);
#83=CONTEXT_DEPENDENT_SHAPE_REPRESENTATION(#60,#3714);
#84=CONTEXT_DEPENDENT_SHAPE_REPRESENTATION(#61,#3715);
#85=CONTEXT_DEPENDENT_SHAPE_REPRESENTATION(#62,#3716);
#86=CONTEXT_DEPENDENT_SHAPE_REPRESENTATION(#63,#3717);
#87=CONTEXT_DEPENDENT_SHAPE_REPRESENTATION(#64,#3725);
#88=CONTEXT_DEPENDENT_SHAPE_REPRESENTATION(#65,#3726);
#89=CONTEXT_DEPENDENT_SHAPE_REPRESENTATION(#66,#3727);
#90=CONTEXT_DEPENDENT_SHAPE_REPRESENTATION(#67,#3728);
#91=CONTEXT_DEPENDENT_SHAPE_REPRESENTATION(#68,#3729);
#92=CONTEXT_DEPENDENT_SHAPE_REPRESENTATION(#69,#3730);
#93=CONTEXT_DEPENDENT_SHAPE_REPRESENTATION(#70,#3731);
#94=CONTEXT_DEPENDENT_SHAPE_REPRESENTATION(#71,#3732);
#95=CONTEXT_DEPENDENT_SHAPE_REPRESENTATION(#72,#3733);
#96=CONTEXT_DEPENDENT_SHAPE_REPRESENTATION(#73,#3734);
#97=CONTEXT_DEPENDENT_SHAPE_REPRESENTATION(#74,#3735);
#98=NEXT_ASSEMBLY_USAGE_OCCURRENCE('Front Left Leg:1',
'Front Left Leg:1','Front Left Leg:1',#3758,#3759,'Front Left Leg:1');
#99=NEXT_ASSEMBLY_USAGE_OCCURRENCE('Front Right Leg:1',
'Front Right Leg:1','Front Right Leg:1',#3758,#3760,'Front Right Leg:1');
#100=NEXT_ASSEMBLY_USAGE_OCCURRENCE('Back Left Leg:1','Back Left Leg:1',
'Back Left Leg:1',#3758,#3761,'Back Left Leg:1');
#101=NEXT_ASSEMBLY_USAGE_OCCURRENCE('Back Right Leg:1',
'Back Right Leg:1','Back Right Leg:1',#3758,#3762,'Back Right Leg:1');
#102=NEXT_ASSEMBLY_USAGE_OCCURRENCE('Top Ply:1','Top Ply:1','Top Ply:1',
#3763,#3764,'Top Ply:1');
#103=NEXT_ASSEMBLY_USAGE_OCCURRENCE('Right Short Studs:1',
'Right Short Studs:1','Right Short Studs:1',#3763,#3765,
'Right Short Studs:1');
#104=NEXT_ASSEMBLY_USAGE_OCCURRENCE('Left Short Studs:1',
'Left Short Studs:1','Left Short Studs:1',#3763,#3766,
'Left Short Studs:1');
#105=NEXT_ASSEMBLY_USAGE_OCCURRENCE('Back Top Stretcher:1',
'Back Top Stretcher:1','Back Top Stretcher:1',#3763,#3767,
'Back Top Stretcher:1');
#106=NEXT_ASSEMBLY_USAGE_OCCURRENCE('Front Top Stretcher:1',
'Front Top Stretcher:1','Front Top Stretcher:1',#3763,#3768,
'Front Top Stretcher:1');
#107=NEXT_ASSEMBLY_USAGE_OCCURRENCE('Top Studs:1','Top Studs:1',
'Top Studs:1',#3763,#3769,'Top Studs:1');
#108=NEXT_ASSEMBLY_USAGE_OCCURRENCE('Top Studs:2','Top Studs:2',
'Top Studs:2',#3763,#3769,'Top Studs:2');
#109=NEXT_ASSEMBLY_USAGE_OCCURRENCE('Top Studs:3','Top Studs:3',
'Top Studs:3',#3763,#3769,'Top Studs:3');
#110=NEXT_ASSEMBLY_USAGE_OCCURRENCE('BaseSupport:3','BaseSupport:3',
'BaseSupport:3',#3775,#3776,'BaseSupport:3');
#111=NEXT_ASSEMBLY_USAGE_OCCURRENCE('BaseSupport:2','BaseSupport:2',
'BaseSupport:2',#3775,#3776,'BaseSupport:2');
#112=NEXT_ASSEMBLY_USAGE_OCCURRENCE('BaseSupport:1','BaseSupport:1',
'BaseSupport:1',#3775,#3776,'BaseSupport:1');
#113=NEXT_ASSEMBLY_USAGE_OCCURRENCE('Front Stretcher:1',
'Front Stretcher:1','Front Stretcher:1',#3770,#3771,'Front Stretcher:1');
#114=NEXT_ASSEMBLY_USAGE_OCCURRENCE('Right Stretcher:1',
'Right Stretcher:1','Right Stretcher:1',#3770,#3772,'Right Stretcher:1');
#115=NEXT_ASSEMBLY_USAGE_OCCURRENCE('Back Stretcher:1',
'Back Stretcher:1','Back Stretcher:1',#3770,#3773,'Back Stretcher:1');
#116=NEXT_ASSEMBLY_USAGE_OCCURRENCE('Left Stretcher:1',
'Left Stretcher:1','Left Stretcher:1',#3770,#3774,'Left Stretcher:1');
#117=NEXT_ASSEMBLY_USAGE_OCCURRENCE('Base Support:1','Base Support:1',
'Base Support:1',#3770,#3775,'Base Support:1');
#118=NEXT_ASSEMBLY_USAGE_OCCURRENCE('Legs:1','Legs:1','Legs:1',#3757,#3758,
'Legs:1');
#119=NEXT_ASSEMBLY_USAGE_OCCURRENCE('Top:1','Top:1','Top:1',#3757,#3763,
'Top:1');
#120=NEXT_ASSEMBLY_USAGE_OCCURRENCE('Base:1','Base:1','Base:1',#3757,#3770,
'Base:1');
#121=SHAPE_REPRESENTATION_RELATIONSHIP('SRR','None',#3738,#136);
#122=SHAPE_REPRESENTATION_RELATIONSHIP('SRR','None',#3739,#137);
#123=SHAPE_REPRESENTATION_RELATIONSHIP('SRR','None',#3740,#138);
#124=SHAPE_REPRESENTATION_RELATIONSHIP('SRR','None',#3741,#139);
#125=SHAPE_REPRESENTATION_RELATIONSHIP('SRR','None',#3743,#140);
#126=SHAPE_REPRESENTATION_RELATIONSHIP('SRR','None',#3744,#141);
#127=SHAPE_REPRESENTATION_RELATIONSHIP('SRR','None',#3745,#142);
#128=SHAPE_REPRESENTATION_RELATIONSHIP('SRR','None',#3746,#143);
#129=SHAPE_REPRESENTATION_RELATIONSHIP('SRR','None',#3747,#144);
#130=SHAPE_REPRESENTATION_RELATIONSHIP('SRR','None',#3748,#145);
#131=SHAPE_REPRESENTATION_RELATIONSHIP('SRR','None',#3750,#146);
#132=SHAPE_REPRESENTATION_RELATIONSHIP('SRR','None',#3751,#147);
#133=SHAPE_REPRESENTATION_RELATIONSHIP('SRR','None',#3752,#148);
#134=SHAPE_REPRESENTATION_RELATIONSHIP('SRR','None',#3753,#149);
#135=SHAPE_REPRESENTATION_RELATIONSHIP('SRR','None',#3755,#150);
#136=ADVANCED_BREP_SHAPE_REPRESENTATION('',(#171),#3650);
#137=ADVANCED_BREP_SHAPE_REPRESENTATION('',(#172),#3651);
#138=ADVANCED_BREP_SHAPE_REPRESENTATION('',(#173),#3652);
#139=ADVANCED_BREP_SHAPE_REPRESENTATION('',(#174),#3653);
#140=ADVANCED_BREP_SHAPE_REPRESENTATION('',(#175),#3655);
#141=ADVANCED_BREP_SHAPE_REPRESENTATION('',(#176,#177,#178),#3656);
#142=ADVANCED_BREP_SHAPE_REPRESENTATION('',(#179,#180,#181),#3657);
#143=ADVANCED_BREP_SHAPE_REPRESENTATION('',(#182),#3658);
#144=ADVANCED_BREP_SHAPE_REPRESENTATION('',(#183),#3659);
#145=ADVANCED_BREP_SHAPE_REPRESENTATION('',(#184),#3660);
#146=ADVANCED_BREP_SHAPE_REPRESENTATION('',(#185),#3662);
#147=ADVANCED_BREP_SHAPE_REPRESENTATION('',(#186),#3663);
#148=ADVANCED_BREP_SHAPE_REPRESENTATION('',(#187),#3664);
#149=ADVANCED_BREP_SHAPE_REPRESENTATION('',(#188),#3665);
#150=ADVANCED_BREP_SHAPE_REPRESENTATION('',(#189),#3667);
#151=STYLED_ITEM('',(#3841),#171);
#152=STYLED_ITEM('',(#3841),#172);
#153=STYLED_ITEM('',(#3841),#173);
#154=STYLED_ITEM('',(#3841),#174);
#155=STYLED_ITEM('',(#3841),#175);
#156=STYLED_ITEM('',(#3841),#176);
#157=STYLED_ITEM('',(#3841),#177);
#158=STYLED_ITEM('',(#3841),#178);
#159=STYLED_ITEM('',(#3841),#179);
#160=STYLED_ITEM('',(#3841),#180);
#161=STYLED_ITEM('',(#3841),#181);
#162=STYLED_ITEM('',(#3841),#182);
#163=STYLED_ITEM('',(#3841),#183);
#164=STYLED_ITEM('',(#3841),#184);
#165=STYLED_ITEM('',(#3841),#185);
#166=STYLED_ITEM('',(#3841),#186);
#167=STYLED_ITEM('',(#3841),#187);
#168=STYLED_ITEM('',(#3841),#188);
#169=STYLED_ITEM('',(#3841),#189);
#170=STYLED_ITEM('',(#3842),#27);
#171=MANIFOLD_SOLID_BREP('Body1',#2106);
#172=MANIFOLD_SOLID_BREP('Body1',#2107);
#173=MANIFOLD_SOLID_BREP('Body1',#2108);
#174=MANIFOLD_SOLID_BREP('Body1',#2109);
#175=MANIFOLD_SOLID_BREP('Body1',#2110);
#176=MANIFOLD_SOLID_BREP('Body1',#2111);
#177=MANIFOLD_SOLID_BREP('Body2',#2112);
#178=MANIFOLD_SOLID_BREP('Body3',#2113);
#179=MANIFOLD_SOLID_BREP('Body1',#2114);
#180=MANIFOLD_SOLID_BREP('Body2',#2115);
#181=MANIFOLD_SOLID_BREP('Body3',#2116);
#182=MANIFOLD_SOLID_BREP('Body1',#2117);
#183=MANIFOLD_SOLID_BREP('Body1',#2118);
#184=MANIFOLD_SOLID_BREP('Body1',#2119);
#185=MANIFOLD_SOLID_BREP('Body1',#2120);
#186=MANIFOLD_SOLID_BREP('Body1',#2121);
#187=MANIFOLD_SOLID_BREP('Body1',#2122);
#188=MANIFOLD_SOLID_BREP('Body1',#2123);
#189=MANIFOLD_SOLID_BREP('Body1',#2124);
#190=FACE_OUTER_BOUND('',#312,.T.);
#191=FACE_OUTER_BOUND('',#313,.T.);
#192=FACE_OUTER_BOUND('',#314,.T.);
#193=FACE_OUTER_BOUND('',#315,.T.);
#194=FACE_OUTER_BOUND('',#316,.T.);
#195=FACE_OUTER_BOUND('',#317,.T.);
#196=FACE_OUTER_BOUND('',#318,.T.);
#197=FACE_OUTER_BOUND('',#319,.T.);
#198=FACE_OUTER_BOUND('',#320,.T.);
#199=FACE_OUTER_BOUND('',#321,.T.);
#200=FACE_OUTER_BOUND('',#322,.T.);
#201=FACE_OUTER_BOUND('',#323,.T.);
#202=FACE_OUTER_BOUND('',#324,.T.);
#203=FACE_OUTER_BOUND('',#325,.T.);
#204=FACE_OUTER_BOUND('',#326,.T.);
#205=FACE_OUTER_BOUND('',#327,.T.);
#206=FACE_OUTER_BOUND('',#328,.T.);
#207=FACE_OUTER_BOUND('',#329,.T.);
#208=FACE_OUTER_BOUND('',#330,.T.);
#209=FACE_OUTER_BOUND('',#331,.T.);
#210=FACE_OUTER_BOUND('',#332,.T.);
#211=FACE_OUTER_BOUND('',#333,.T.);
#212=FACE_OUTER_BOUND('',#334,.T.);
#213=FACE_OUTER_BOUND('',#335,.T.);
#214=FACE_OUTER_BOUND('',#336,.T.);
#215=FACE_OUTER_BOUND('',#337,.T.);
#216=FACE_OUTER_BOUND('',#338,.T.);
#217=FACE_OUTER_BOUND('',#339,.T.);
#218=FACE_OUTER_BOUND('',#340,.T.);
#219=FACE_OUTER_BOUND('',#341,.T.);
#220=FACE_OUTER_BOUND('',#342,.T.);
#221=FACE_OUTER_BOUND('',#343,.T.);
#222=FACE_OUTER_BOUND('',#344,.T.);
#223=FACE_OUTER_BOUND('',#345,.T.);
#224=FACE_OUTER_BOUND('',#346,.T.);
#225=FACE_OUTER_BOUND('',#347,.T.);
#226=FACE_OUTER_BOUND('',#348,.T.);
#227=FACE_OUTER_BOUND('',#349,.T.);
#228=FACE_OUTER_BOUND('',#350,.T.);
#229=FACE_OUTER_BOUND('',#351,.T.);
#230=FACE_OUTER_BOUND('',#352,.T.);
#231=FACE_OUTER_BOUND('',#353,.T.);
#232=FACE_OUTER_BOUND('',#354,.T.);
#233=FACE_OUTER_BOUND('',#355,.T.);
#234=FACE_OUTER_BOUND('',#356,.T.);
#235=FACE_OUTER_BOUND('',#357,.T.);
#236=FACE_OUTER_BOUND('',#358,.T.);
#237=FACE_OUTER_BOUND('',#359,.T.);
#238=FACE_OUTER_BOUND('',#360,.T.);
#239=FACE_OUTER_BOUND('',#361,.T.);
#240=FACE_OUTER_BOUND('',#362,.T.);
#241=FACE_OUTER_BOUND('',#363,.T.);
#242=FACE_OUTER_BOUND('',#364,.T.);
#243=FACE_OUTER_BOUND('',#365,.T.);
#244=FACE_OUTER_BOUND('',#366,.T.);
#245=FACE_OUTER_BOUND('',#367,.T.);
#246=FACE_OUTER_BOUND('',#368,.T.);
#247=FACE_OUTER_BOUND('',#369,.T.);
#248=FACE_OUTER_BOUND('',#370,.T.);
#249=FACE_OUTER_BOUND('',#371,.T.);
#250=FACE_OUTER_BOUND('',#372,.T.);
#251=FACE_OUTER_BOUND('',#373,.T.);
#252=FACE_OUTER_BOUND('',#374,.T.);
#253=FACE_OUTER_BOUND('',#375,.T.);
#254=FACE_OUTER_BOUND('',#376,.T.);
#255=FACE_OUTER_BOUND('',#377,.T.);
#256=FACE_OUTER_BOUND('',#378,.T.);
#257=FACE_OUTER_BOUND('',#379,.T.);
#258=FACE_OUTER_BOUND('',#380,.T.);
#259=FACE_OUTER_BOUND('',#381,.T.);
#260=FACE_OUTER_BOUND('',#382,.T.);
#261=FACE_OUTER_BOUND('',#383,.T.);
#262=FACE_OUTER_BOUND('',#384,.T.);
#263=FACE_OUTER_BOUND('',#385,.T.);
#264=FACE_OUTER_BOUND('',#386,.T.);
#265=FACE_OUTER_BOUND('',#387,.T.);
#266=FACE_OUTER_BOUND('',#388,.T.);
#267=FACE_OUTER_BOUND('',#389,.T.);
#268=FACE_OUTER_BOUND('',#390,.T.);
#269=FACE_OUTER_BOUND('',#391,.T.);
#270=FACE_OUTER_BOUND('',#392,.T.);
#271=FACE_OUTER_BOUND('',#393,.T.);
#272=FACE_OUTER_BOUND('',#394,.T.);
#273=FACE_OUTER_BOUND('',#395,.T.);
#274=FACE_OUTER_BOUND('',#396,.T.);
#275=FACE_OUTER_BOUND('',#397,.T.);
#276=FACE_OUTER_BOUND('',#398,.T.);
#277=FACE_OUTER_BOUND('',#399,.T.);
#278=FACE_OUTER_BOUND('',#400,.T.);
#279=FACE_OUTER_BOUND('',#401,.T.);
#280=FACE_OUTER_BOUND('',#402,.T.);
#281=FACE_OUTER_BOUND('',#403,.T.);
#282=FACE_OUTER_BOUND('',#404,.T.);
#283=FACE_OUTER_BOUND('',#405,.T.);
#284=FACE_OUTER_BOUND('',#406,.T.);
#285=FACE_OUTER_BOUND('',#407,.T.);
#286=FACE_OUTER_BOUND('',#408,.T.);
#287=FACE_OUTER_BOUND('',#409,.T.);
#288=FACE_OUTER_BOUND('',#410,.T.);
#289=FACE_OUTER_BOUND('',#411,.T.);
#290=FACE_OUTER_BOUND('',#412,.T.);
#291=FACE_OUTER_BOUND('',#413,.T.);
#292=FACE_OUTER_BOUND('',#414,.T.);
#293=FACE_OUTER_BOUND('',#415,.T.);
#294=FACE_OUTER_BOUND('',#416,.T.);
#295=FACE_OUTER_BOUND('',#417,.T.);
#296=FACE_OUTER_BOUND('',#418,.T.);
#297=FACE_OUTER_BOUND('',#419,.T.);
#298=FACE_OUTER_BOUND('',#420,.T.);
#299=FACE_OUTER_BOUND('',#421,.T.);
#300=FACE_OUTER_BOUND('',#422,.T.);
#301=FACE_OUTER_BOUND('',#423,.T.);
#302=FACE_OUTER_BOUND('',#424,.T.);
#303=FACE_OUTER_BOUND('',#425,.T.);
#304=FACE_OUTER_BOUND('',#426,.T.);
#305=FACE_OUTER_BOUND('',#427,.T.);
#306=FACE_OUTER_BOUND('',#428,.T.);
#307=FACE_OUTER_BOUND('',#429,.T.);
#308=FACE_OUTER_BOUND('',#430,.T.);
#309=FACE_OUTER_BOUND('',#431,.T.);
#310=FACE_OUTER_BOUND('',#432,.T.);
#311=FACE_OUTER_BOUND('',#433,.T.);
#312=EDGE_LOOP('',(#1358,#1359,#1360,#1361));
#313=EDGE_LOOP('',(#1362,#1363,#1364,#1365));
#314=EDGE_LOOP('',(#1366,#1367,#1368,#1369,#1370,#1371));
#315=EDGE_LOOP('',(#1372,#1373,#1374,#1375));
#316=EDGE_LOOP('',(#1376,#1377,#1378,#1379));
#317=EDGE_LOOP('',(#1380,#1381,#1382,#1383,#1384,#1385));
#318=EDGE_LOOP('',(#1386,#1387,#1388,#1389));
#319=EDGE_LOOP('',(#1390,#1391,#1392,#1393));
#320=EDGE_LOOP('',(#1394,#1395,#1396,#1397));
#321=EDGE_LOOP('',(#1398,#1399,#1400,#1401));
#322=EDGE_LOOP('',(#1402,#1403,#1404,#1405,#1406,#1407));
#323=EDGE_LOOP('',(#1408,#1409,#1410,#1411));
#324=EDGE_LOOP('',(#1412,#1413,#1414,#1415));
#325=EDGE_LOOP('',(#1416,#1417,#1418,#1419,#1420,#1421));
#326=EDGE_LOOP('',(#1422,#1423,#1424,#1425));
#327=EDGE_LOOP('',(#1426,#1427,#1428,#1429));
#328=EDGE_LOOP('',(#1430,#1431,#1432,#1433));
#329=EDGE_LOOP('',(#1434,#1435,#1436,#1437));
#330=EDGE_LOOP('',(#1438,#1439,#1440,#1441,#1442,#1443));
#331=EDGE_LOOP('',(#1444,#1445,#1446,#1447));
#332=EDGE_LOOP('',(#1448,#1449,#1450,#1451));
#333=EDGE_LOOP('',(#1452,#1453,#1454,#1455,#1456,#1457));
#334=EDGE_LOOP('',(#1458,#1459,#1460,#1461));
#335=EDGE_LOOP('',(#1462,#1463,#1464,#1465));
#336=EDGE_LOOP('',(#1466,#1467,#1468,#1469));
#337=EDGE_LOOP('',(#1470,#1471,#1472,#1473));
#338=EDGE_LOOP('',(#1474,#1475,#1476,#1477,#1478,#1479));
#339=EDGE_LOOP('',(#1480,#1481,#1482,#1483));
#340=EDGE_LOOP('',(#1484,#1485,#1486,#1487));
#341=EDGE_LOOP('',(#1488,#1489,#1490,#1491,#1492,#1493));
#342=EDGE_LOOP('',(#1494,#1495,#1496,#1497));
#343=EDGE_LOOP('',(#1498,#1499,#1500,#1501));
#344=EDGE_LOOP('',(#1502,#1503,#1504,#1505));
#345=EDGE_LOOP('',(#1506,#1507,#1508,#1509));
#346=EDGE_LOOP('',(#1510,#1511,#1512,#1513));
#347=EDGE_LOOP('',(#1514,#1515,#1516,#1517));
#348=EDGE_LOOP('',(#1518,#1519,#1520,#1521));
#349=EDGE_LOOP('',(#1522,#1523,#1524,#1525));
#350=EDGE_LOOP('',(#1526,#1527,#1528,#1529));
#351=EDGE_LOOP('',(#1530,#1531,#1532,#1533));
#352=EDGE_LOOP('',(#1534,#1535,#1536,#1537));
#353=EDGE_LOOP('',(#1538,#1539,#1540,#1541));
#354=EDGE_LOOP('',(#1542,#1543,#1544,#1545));
#355=EDGE_LOOP('',(#1546,#1547,#1548,#1549));
#356=EDGE_LOOP('',(#1550,#1551,#1552,#1553));
#357=EDGE_LOOP('',(#1554,#1555,#1556,#1557));
#358=EDGE_LOOP('',(#1558,#1559,#1560,#1561));
#359=EDGE_LOOP('',(#1562,#1563,#1564,#1565));
#360=EDGE_LOOP('',(#1566,#1567,#1568,#1569));
#361=EDGE_LOOP('',(#1570,#1571,#1572,#1573));
#362=EDGE_LOOP('',(#1574,#1575,#1576,#1577));
#363=EDGE_LOOP('',(#1578,#1579,#1580,#1581));
#364=EDGE_LOOP('',(#1582,#1583,#1584,#1585));
#365=EDGE_LOOP('',(#1586,#1587,#1588,#1589));
#366=EDGE_LOOP('',(#1590,#1591,#1592,#1593));
#367=EDGE_LOOP('',(#1594,#1595,#1596,#1597));
#368=EDGE_LOOP('',(#1598,#1599,#1600,#1601));
#369=EDGE_LOOP('',(#1602,#1603,#1604,#1605));
#370=EDGE_LOOP('',(#1606,#1607,#1608,#1609));
#371=EDGE_LOOP('',(#1610,#1611,#1612,#1613));
#372=EDGE_LOOP('',(#1614,#1615,#1616,#1617));
#373=EDGE_LOOP('',(#1618,#1619,#1620,#1621));
#374=EDGE_LOOP('',(#1622,#1623,#1624,#1625));
#375=EDGE_LOOP('',(#1626,#1627,#1628,#1629));
#376=EDGE_LOOP('',(#1630,#1631,#1632,#1633));
#377=EDGE_LOOP('',(#1634,#1635,#1636,#1637));
#378=EDGE_LOOP('',(#1638,#1639,#1640,#1641));
#379=EDGE_LOOP('',(#1642,#1643,#1644,#1645));
#380=EDGE_LOOP('',(#1646,#1647,#1648,#1649));
#381=EDGE_LOOP('',(#1650,#1651,#1652,#1653));
#382=EDGE_LOOP('',(#1654,#1655,#1656,#1657));
#383=EDGE_LOOP('',(#1658,#1659,#1660,#1661));
#384=EDGE_LOOP('',(#1662,#1663,#1664,#1665));
#385=EDGE_LOOP('',(#1666,#1667,#1668,#1669));
#386=EDGE_LOOP('',(#1670,#1671,#1672,#1673));
#387=EDGE_LOOP('',(#1674,#1675,#1676,#1677));
#388=EDGE_LOOP('',(#1678,#1679,#1680,#1681));
#389=EDGE_LOOP('',(#1682,#1683,#1684,#1685));
#390=EDGE_LOOP('',(#1686,#1687,#1688,#1689));
#391=EDGE_LOOP('',(#1690,#1691,#1692,#1693));
#392=EDGE_LOOP('',(#1694,#1695,#1696,#1697));
#393=EDGE_LOOP('',(#1698,#1699,#1700,#1701));
#394=EDGE_LOOP('',(#1702,#1703,#1704,#1705));
#395=EDGE_LOOP('',(#1706,#1707,#1708,#1709));
#396=EDGE_LOOP('',(#1710,#1711,#1712,#1713));
#397=EDGE_LOOP('',(#1714,#1715,#1716,#1717));
#398=EDGE_LOOP('',(#1718,#1719,#1720,#1721));
#399=EDGE_LOOP('',(#1722,#1723,#1724,#1725));
#400=EDGE_LOOP('',(#1726,#1727,#1728,#1729));
#401=EDGE_LOOP('',(#1730,#1731,#1732,#1733));
#402=EDGE_LOOP('',(#1734,#1735,#1736,#1737));
#403=EDGE_LOOP('',(#1738,#1739,#1740,#1741));
#404=EDGE_LOOP('',(#1742,#1743,#1744,#1745));
#405=EDGE_LOOP('',(#1746,#1747,#1748,#1749));
#406=EDGE_LOOP('',(#1750,#1751,#1752,#1753));
#407=EDGE_LOOP('',(#1754,#1755,#1756,#1757));
#408=EDGE_LOOP('',(#1758,#1759,#1760,#1761));
#409=EDGE_LOOP('',(#1762,#1763,#1764,#1765));
#410=EDGE_LOOP('',(#1766,#1767,#1768,#1769));
#411=EDGE_LOOP('',(#1770,#1771,#1772,#1773));
#412=EDGE_LOOP('',(#1774,#1775,#1776,#1777));
#413=EDGE_LOOP('',(#1778,#1779,#1780,#1781));
#414=EDGE_LOOP('',(#1782,#1783,#1784,#1785));
#415=EDGE_LOOP('',(#1786,#1787,#1788,#1789));
#416=EDGE_LOOP('',(#1790,#1791,#1792,#1793));
#417=EDGE_LOOP('',(#1794,#1795,#1796,#1797));
#418=EDGE_LOOP('',(#1798,#1799,#1800,#1801));
#419=EDGE_LOOP('',(#1802,#1803,#1804,#1805));
#420=EDGE_LOOP('',(#1806,#1807,#1808,#1809));
#421=EDGE_LOOP('',(#1810,#1811,#1812,#1813));
#422=EDGE_LOOP('',(#1814,#1815,#1816,#1817));
#423=EDGE_LOOP('',(#1818,#1819,#1820,#1821));
#424=EDGE_LOOP('',(#1822,#1823,#1824,#1825));
#425=EDGE_LOOP('',(#1826,#1827,#1828,#1829));
#426=EDGE_LOOP('',(#1830,#1831,#1832,#1833));
#427=EDGE_LOOP('',(#1834,#1835,#1836,#1837));
#428=EDGE_LOOP('',(#1838,#1839,#1840,#1841));
#429=EDGE_LOOP('',(#1842,#1843,#1844,#1845));
#430=EDGE_LOOP('',(#1846,#1847,#1848,#1849));
#431=EDGE_LOOP('',(#1850,#1851,#1852,#1853));
#432=EDGE_LOOP('',(#1854,#1855,#1856,#1857));
#433=EDGE_LOOP('',(#1858,#1859,#1860,#1861));
#434=LINE('',#3047,#686);
#435=LINE('',#3049,#687);
#436=LINE('',#3051,#688);
#437=LINE('',#3052,#689);
#438=LINE('',#3056,#690);
#439=LINE('',#3057,#691);
#440=LINE('',#3058,#692);
#441=LINE('',#3061,#693);
#442=LINE('',#3063,#694);
#443=LINE('',#3065,#695);
#444=LINE('',#3066,#696);
#445=LINE('',#3069,#697);
#446=LINE('',#3070,#698);
#447=LINE('',#3073,#699);
#448=LINE('',#3075,#700);
#449=LINE('',#3076,#701);
#450=LINE('',#3078,#702);
#451=LINE('',#3079,#703);
#452=LINE('',#3086,#704);
#453=LINE('',#3088,#705);
#454=LINE('',#3090,#706);
#455=LINE('',#3091,#707);
#456=LINE('',#3095,#708);
#457=LINE('',#3096,#709);
#458=LINE('',#3097,#710);
#459=LINE('',#3100,#711);
#460=LINE('',#3102,#712);
#461=LINE('',#3104,#713);
#462=LINE('',#3105,#714);
#463=LINE('',#3108,#715);
#464=LINE('',#3109,#716);
#465=LINE('',#3112,#717);
#466=LINE('',#3114,#718);
#467=LINE('',#3115,#719);
#468=LINE('',#3117,#720);
#469=LINE('',#3118,#721);
#470=LINE('',#3125,#722);
#471=LINE('',#3127,#723);
#472=LINE('',#3129,#724);
#473=LINE('',#3130,#725);
#474=LINE('',#3134,#726);
#475=LINE('',#3135,#727);
#476=LINE('',#3136,#728);
#477=LINE('',#3139,#729);
#478=LINE('',#3141,#730);
#479=LINE('',#3143,#731);
#480=LINE('',#3144,#732);
#481=LINE('',#3147,#733);
#482=LINE('',#3148,#734);
#483=LINE('',#3151,#735);
#484=LINE('',#3153,#736);
#485=LINE('',#3154,#737);
#486=LINE('',#3156,#738);
#487=LINE('',#3157,#739);
#488=LINE('',#3164,#740);
#489=LINE('',#3166,#741);
#490=LINE('',#3168,#742);
#491=LINE('',#3169,#743);
#492=LINE('',#3173,#744);
#493=LINE('',#3174,#745);
#494=LINE('',#3175,#746);
#495=LINE('',#3178,#747);
#496=LINE('',#3180,#748);
#497=LINE('',#3182,#749);
#498=LINE('',#3183,#750);
#499=LINE('',#3186,#751);
#500=LINE('',#3187,#752);
#501=LINE('',#3190,#753);
#502=LINE('',#3192,#754);
#503=LINE('',#3193,#755);
#504=LINE('',#3195,#756);
#505=LINE('',#3196,#757);
#506=LINE('',#3208,#758);
#507=LINE('',#3210,#759);
#508=LINE('',#3212,#760);
#509=LINE('',#3213,#761);
#510=LINE('',#3216,#762);
#511=LINE('',#3218,#763);
#512=LINE('',#3219,#764);
#513=LINE('',#3222,#765);
#514=LINE('',#3224,#766);
#515=LINE('',#3225,#767);
#516=LINE('',#3227,#768);
#517=LINE('',#3228,#769);
#518=LINE('',#3235,#770);
#519=LINE('',#3237,#771);
#520=LINE('',#3239,#772);
#521=LINE('',#3240,#773);
#522=LINE('',#3244,#774);
#523=LINE('',#3246,#775);
#524=LINE('',#3248,#776);
#525=LINE('',#3249,#777);
#526=LINE('',#3251,#778);
#527=LINE('',#3252,#779);
#528=LINE('',#3254,#780);
#529=LINE('',#3256,#781);
#530=LINE('',#3261,#782);
#531=LINE('',#3263,#783);
#532=LINE('',#3265,#784);
#533=LINE('',#3266,#785);
#534=LINE('',#3270,#786);
#535=LINE('',#3272,#787);
#536=LINE('',#3274,#788);
#537=LINE('',#3275,#789);
#538=LINE('',#3277,#790);
#539=LINE('',#3278,#791);
#540=LINE('',#3280,#792);
#541=LINE('',#3282,#793);
#542=LINE('',#3287,#794);
#543=LINE('',#3289,#795);
#544=LINE('',#3291,#796);
#545=LINE('',#3292,#797);
#546=LINE('',#3296,#798);
#547=LINE('',#3298,#799);
#548=LINE('',#3300,#800);
#549=LINE('',#3301,#801);
#550=LINE('',#3303,#802);
#551=LINE('',#3304,#803);
#552=LINE('',#3306,#804);
#553=LINE('',#3308,#805);
#554=LINE('',#3314,#806);
#555=LINE('',#3316,#807);
#556=LINE('',#3318,#808);
#557=LINE('',#3319,#809);
#558=LINE('',#3323,#810);
#559=LINE('',#3325,#811);
#560=LINE('',#3327,#812);
#561=LINE('',#3328,#813);
#562=LINE('',#3330,#814);
#563=LINE('',#3331,#815);
#564=LINE('',#3333,#816);
#565=LINE('',#3335,#817);
#566=LINE('',#3340,#818);
#567=LINE('',#3342,#819);
#568=LINE('',#3344,#820);
#569=LINE('',#3345,#821);
#570=LINE('',#3349,#822);
#571=LINE('',#3351,#823);
#572=LINE('',#3353,#824);
#573=LINE('',#3354,#825);
#574=LINE('',#3356,#826);
#575=LINE('',#3357,#827);
#576=LINE('',#3359,#828);
#577=LINE('',#3361,#829);
#578=LINE('',#3366,#830);
#579=LINE('',#3368,#831);
#580=LINE('',#3370,#832);
#581=LINE('',#3371,#833);
#582=LINE('',#3375,#834);
#583=LINE('',#3377,#835);
#584=LINE('',#3379,#836);
#585=LINE('',#3380,#837);
#586=LINE('',#3382,#838);
#587=LINE('',#3383,#839);
#588=LINE('',#3385,#840);
#589=LINE('',#3387,#841);
#590=LINE('',#3393,#842);
#591=LINE('',#3395,#843);
#592=LINE('',#3397,#844);
#593=LINE('',#3398,#845);
#594=LINE('',#3402,#846);
#595=LINE('',#3404,#847);
#596=LINE('',#3406,#848);
#597=LINE('',#3407,#849);
#598=LINE('',#3409,#850);
#599=LINE('',#3410,#851);
#600=LINE('',#3412,#852);
#601=LINE('',#3414,#853);
#602=LINE('',#3420,#854);
#603=LINE('',#3422,#855);
#604=LINE('',#3424,#856);
#605=LINE('',#3425,#857);
#606=LINE('',#3429,#858);
#607=LINE('',#3431,#859);
#608=LINE('',#3433,#860);
#609=LINE('',#3434,#861);
#610=LINE('',#3436,#862);
#611=LINE('',#3437,#863);
#612=LINE('',#3439,#864);
#613=LINE('',#3441,#865);
#614=LINE('',#3447,#866);
#615=LINE('',#3449,#867);
#616=LINE('',#3451,#868);
#617=LINE('',#3452,#869);
#618=LINE('',#3456,#870);
#619=LINE('',#3458,#871);
#620=LINE('',#3460,#872);
#621=LINE('',#3461,#873);
#622=LINE('',#3463,#874);
#623=LINE('',#3464,#875);
#624=LINE('',#3466,#876);
#625=LINE('',#3468,#877);
#626=LINE('',#3483,#878);
#627=LINE('',#3485,#879);
#628=LINE('',#3487,#880);
#629=LINE('',#3488,#881);
#630=LINE('',#3492,#882);
#631=LINE('',#3494,#883);
#632=LINE('',#3496,#884);
#633=LINE('',#3497,#885);
#634=LINE('',#3499,#886);
#635=LINE('',#3500,#887);
#636=LINE('',#3502,#888);
#637=LINE('',#3504,#889);
#638=LINE('',#3510,#890);
#639=LINE('',#3512,#891);
#640=LINE('',#3514,#892);
#641=LINE('',#3515,#893);
#642=LINE('',#3519,#894);
#643=LINE('',#3521,#895);
#644=LINE('',#3523,#896);
#645=LINE('',#3524,#897);
#646=LINE('',#3526,#898);
#647=LINE('',#3527,#899);
#648=LINE('',#3529,#900);
#649=LINE('',#3531,#901);
#650=LINE('',#3537,#902);
#651=LINE('',#3539,#903);
#652=LINE('',#3541,#904);
#653=LINE('',#3542,#905);
#654=LINE('',#3546,#906);
#655=LINE('',#3548,#907);
#656=LINE('',#3550,#908);
#657=LINE('',#3551,#909);
#658=LINE('',#3553,#910);
#659=LINE('',#3554,#911);
#660=LINE('',#3556,#912);
#661=LINE('',#3558,#913);
#662=LINE('',#3564,#914);
#663=LINE('',#3566,#915);
#664=LINE('',#3568,#916);
#665=LINE('',#3569,#917);
#666=LINE('',#3573,#918);
#667=LINE('',#3575,#919);
#668=LINE('',#3577,#920);
#669=LINE('',#3578,#921);
#670=LINE('',#3580,#922);
#671=LINE('',#3581,#923);
#672=LINE('',#3583,#924);
#673=LINE('',#3585,#925);
#674=LINE('',#3592,#926);
#675=LINE('',#3594,#927);
#676=LINE('',#3596,#928);
#677=LINE('',#3597,#929);
#678=LINE('',#3601,#930);
#679=LINE('',#3603,#931);
#680=LINE('',#3605,#932);
#681=LINE('',#3606,#933);
#682=LINE('',#3608,#934);
#683=LINE('',#3609,#935);
#684=LINE('',#3611,#936);
#685=LINE('',#3613,#937);
#686=VECTOR('',#2465,10.);
#687=VECTOR('',#2466,10.);
#688=VECTOR('',#2467,10.);
#689=VECTOR('',#2468,10.);
#690=VECTOR('',#2471,10.);
#691=VECTOR('',#2472,10.);
#692=VECTOR('',#2473,10.);
#693=VECTOR('',#2476,10.);
#694=VECTOR('',#2477,10.);
#695=VECTOR('',#2478,10.);
#696=VECTOR('',#2479,10.);
#697=VECTOR('',#2482,10.);
#698=VECTOR('',#2483,10.);
#699=VECTOR('',#2486,10.);
#700=VECTOR('',#2487,10.);
#701=VECTOR('',#2488,10.);
#702=VECTOR('',#2491,10.);
#703=VECTOR('',#2492,10.);
#704=VECTOR('',#2501,10.);
#705=VECTOR('',#2502,10.);
#706=VECTOR('',#2503,10.);
#707=VECTOR('',#2504,10.);
#708=VECTOR('',#2507,10.);
#709=VECTOR('',#2508,10.);
#710=VECTOR('',#2509,10.);
#711=VECTOR('',#2512,10.);
#712=VECTOR('',#2513,10.);
#713=VECTOR('',#2514,10.);
#714=VECTOR('',#2515,10.);
#715=VECTOR('',#2518,10.);
#716=VECTOR('',#2519,10.);
#717=VECTOR('',#2522,10.);
#718=VECTOR('',#2523,10.);
#719=VECTOR('',#2524,10.);
#720=VECTOR('',#2527,10.);
#721=VECTOR('',#2528,10.);
#722=VECTOR('',#2537,10.);
#723=VECTOR('',#2538,10.);
#724=VECTOR('',#2539,10.);
#725=VECTOR('',#2540,10.);
#726=VECTOR('',#2543,10.);
#727=VECTOR('',#2544,10.);
#728=VECTOR('',#2545,10.);
#729=VECTOR('',#2548,10.);
#730=VECTOR('',#2549,10.);
#731=VECTOR('',#2550,10.);
#732=VECTOR('',#2551,10.);
#733=VECTOR('',#2554,10.);
#734=VECTOR('',#2555,10.);
#735=VECTOR('',#2558,10.);
#736=VECTOR('',#2559,10.);
#737=VECTOR('',#2560,10.);
#738=VECTOR('',#2563,10.);
#739=VECTOR('',#2564,10.);
#740=VECTOR('',#2573,10.);
#741=VECTOR('',#2574,10.);
#742=VECTOR('',#2575,10.);
#743=VECTOR('',#2576,10.);
#744=VECTOR('',#2579,10.);
#745=VECTOR('',#2580,10.);
#746=VECTOR('',#2581,10.);
#747=VECTOR('',#2584,10.);
#748=VECTOR('',#2585,10.);
#749=VECTOR('',#2586,10.);
#750=VECTOR('',#2587,10.);
#751=VECTOR('',#2590,10.);
#752=VECTOR('',#2591,10.);
#753=VECTOR('',#2594,10.);
#754=VECTOR('',#2595,10.);
#755=VECTOR('',#2596,10.);
#756=VECTOR('',#2599,10.);
#757=VECTOR('',#2600,10.);
#758=VECTOR('',#2619,10.);
#759=VECTOR('',#2620,10.);
#760=VECTOR('',#2621,10.);
#761=VECTOR('',#2622,10.);
#762=VECTOR('',#2625,10.);
#763=VECTOR('',#2626,10.);
#764=VECTOR('',#2627,10.);
#765=VECTOR('',#2630,10.);
#766=VECTOR('',#2631,10.);
#767=VECTOR('',#2632,10.);
#768=VECTOR('',#2635,10.);
#769=VECTOR('',#2636,10.);
#770=VECTOR('',#2645,10.);
#771=VECTOR('',#2646,10.);
#772=VECTOR('',#2647,10.);
#773=VECTOR('',#2648,10.);
#774=VECTOR('',#2651,10.);
#775=VECTOR('',#2652,10.);
#776=VECTOR('',#2653,10.);
#777=VECTOR('',#2654,10.);
#778=VECTOR('',#2657,10.);
#779=VECTOR('',#2658,10.);
#780=VECTOR('',#2661,10.);
#781=VECTOR('',#2664,10.);
#782=VECTOR('',#2669,10.);
#783=VECTOR('',#2670,10.);
#784=VECTOR('',#2671,10.);
#785=VECTOR('',#2672,10.);
#786=VECTOR('',#2675,10.);
#787=VECTOR('',#2676,10.);
#788=VECTOR('',#2677,10.);
#789=VECTOR('',#2678,10.);
#790=VECTOR('',#2681,10.);
#791=VECTOR('',#2682,10.);
#792=VECTOR('',#2685,10.);
#793=VECTOR('',#2688,10.);
#794=VECTOR('',#2693,10.);
#795=VECTOR('',#2694,10.);
#796=VECTOR('',#2695,10.);
#797=VECTOR('',#2696,10.);
#798=VECTOR('',#2699,10.);
#799=VECTOR('',#2700,10.);
#800=VECTOR('',#2701,10.);
#801=VECTOR('',#2702,10.);
#802=VECTOR('',#2705,10.);
#803=VECTOR('',#2706,10.);
#804=VECTOR('',#2709,10.);
#805=VECTOR('',#2712,10.);
#806=VECTOR('',#2719,10.);
#807=VECTOR('',#2720,10.);
#808=VECTOR('',#2721,10.);
#809=VECTOR('',#2722,10.);
#810=VECTOR('',#2725,10.);
#811=VECTOR('',#2726,10.);
#812=VECTOR('',#2727,10.);
#813=VECTOR('',#2728,10.);
#814=VECTOR('',#2731,10.);
#815=VECTOR('',#2732,10.);
#816=VECTOR('',#2735,10.);
#817=VECTOR('',#2738,10.);
#818=VECTOR('',#2743,10.);
#819=VECTOR('',#2744,10.);
#820=VECTOR('',#2745,10.);
#821=VECTOR('',#2746,10.);
#822=VECTOR('',#2749,10.);
#823=VECTOR('',#2750,10.);
#824=VECTOR('',#2751,10.);
#825=VECTOR('',#2752,10.);
#826=VECTOR('',#2755,10.);
#827=VECTOR('',#2756,10.);
#828=VECTOR('',#2759,10.);
#829=VECTOR('',#2762,10.);
#830=VECTOR('',#2767,10.);
#831=VECTOR('',#2768,10.);
#832=VECTOR('',#2769,10.);
#833=VECTOR('',#2770,10.);
#834=VECTOR('',#2773,10.);
#835=VECTOR('',#2774,10.);
#836=VECTOR('',#2775,10.);
#837=VECTOR('',#2776,10.);
#838=VECTOR('',#2779,10.);
#839=VECTOR('',#2780,10.);
#840=VECTOR('',#2783,10.);
#841=VECTOR('',#2786,10.);
#842=VECTOR('',#2793,10.);
#843=VECTOR('',#2794,10.);
#844=VECTOR('',#2795,10.);
#845=VECTOR('',#2796,10.);
#846=VECTOR('',#2799,10.);
#847=VECTOR('',#2800,10.);
#848=VECTOR('',#2801,10.);
#849=VECTOR('',#2802,10.);
#850=VECTOR('',#2805,10.);
#851=VECTOR('',#2806,10.);
#852=VECTOR('',#2809,10.);
#853=VECTOR('',#2812,10.);
#854=VECTOR('',#2819,10.);
#855=VECTOR('',#2820,10.);
#856=VECTOR('',#2821,10.);
#857=VECTOR('',#2822,10.);
#858=VECTOR('',#2825,10.);
#859=VECTOR('',#2826,10.);
#860=VECTOR('',#2827,10.);
#861=VECTOR('',#2828,10.);
#862=VECTOR('',#2831,10.);
#863=VECTOR('',#2832,10.);
#864=VECTOR('',#2835,10.);
#865=VECTOR('',#2838,10.);
#866=VECTOR('',#2845,10.);
#867=VECTOR('',#2846,10.);
#868=VECTOR('',#2847,10.);
#869=VECTOR('',#2848,10.);
#870=VECTOR('',#2851,10.);
#871=VECTOR('',#2852,10.);
#872=VECTOR('',#2853,10.);
#873=VECTOR('',#2854,10.);
#874=VECTOR('',#2857,10.);
#875=VECTOR('',#2858,10.);
#876=VECTOR('',#2861,10.);
#877=VECTOR('',#2864,10.);
#878=VECTOR('',#2889,10.);
#879=VECTOR('',#2890,10.);
#880=VECTOR('',#2891,10.);
#881=VECTOR('',#2892,10.);
#882=VECTOR('',#2895,10.);
#883=VECTOR('',#2896,10.);
#884=VECTOR('',#2897,10.);
#885=VECTOR('',#2898,10.);
#886=VECTOR('',#2901,10.);
#887=VECTOR('',#2902,10.);
#888=VECTOR('',#2905,10.);
#889=VECTOR('',#2908,10.);
#890=VECTOR('',#2915,10.);
#891=VECTOR('',#2916,10.);
#892=VECTOR('',#2917,10.);
#893=VECTOR('',#2918,10.);
#894=VECTOR('',#2921,10.);
#895=VECTOR('',#2922,10.);
#896=VECTOR('',#2923,10.);
#897=VECTOR('',#2924,10.);
#898=VECTOR('',#2927,10.);
#899=VECTOR('',#2928,10.);
#900=VECTOR('',#2931,10.);
#901=VECTOR('',#2934,10.);
#902=VECTOR('',#2941,10.);
#903=VECTOR('',#2942,10.);
#904=VECTOR('',#2943,10.);
#905=VECTOR('',#2944,10.);
#906=VECTOR('',#2947,10.);
#907=VECTOR('',#2948,10.);
#908=VECTOR('',#2949,10.);
#909=VECTOR('',#2950,10.);
#910=VECTOR('',#2953,10.);
#911=VECTOR('',#2954,10.);
#912=VECTOR('',#2957,10.);
#913=VECTOR('',#2960,10.);
#914=VECTOR('',#2967,10.);
#915=VECTOR('',#2968,10.);
#916=VECTOR('',#2969,10.);
#917=VECTOR('',#2970,10.);
#918=VECTOR('',#2973,10.);
#919=VECTOR('',#2974,10.);
#920=VECTOR('',#2975,10.);
#921=VECTOR('',#2976,10.);
#922=VECTOR('',#2979,10.);
#923=VECTOR('',#2980,10.);
#924=VECTOR('',#2983,10.);
#925=VECTOR('',#2986,10.);
#926=VECTOR('',#2995,10.);
#927=VECTOR('',#2996,10.);
#928=VECTOR('',#2997,10.);
#929=VECTOR('',#2998,10.);
#930=VECTOR('',#3001,10.);
#931=VECTOR('',#3002,10.);
#932=VECTOR('',#3003,10.);
#933=VECTOR('',#3004,10.);
#934=VECTOR('',#3007,10.);
#935=VECTOR('',#3008,10.);
#936=VECTOR('',#3011,10.);
#937=VECTOR('',#3014,10.);
#938=VERTEX_POINT('',#3045);
#939=VERTEX_POINT('',#3046);
#940=VERTEX_POINT('',#3048);
#941=VERTEX_POINT('',#3050);
#942=VERTEX_POINT('',#3054);
#943=VERTEX_POINT('',#3055);
#944=VERTEX_POINT('',#3060);
#945=VERTEX_POINT('',#3062);
#946=VERTEX_POINT('',#3064);
#947=VERTEX_POINT('',#3068);
#948=VERTEX_POINT('',#3072);
#949=VERTEX_POINT('',#3074);
#950=VERTEX_POINT('',#3084);
#951=VERTEX_POINT('',#3085);
#952=VERTEX_POINT('',#3087);
#953=VERTEX_POINT('',#3089);
#954=VERTEX_POINT('',#3093);
#955=VERTEX_POINT('',#3094);
#956=VERTEX_POINT('',#3099);
#957=VERTEX_POINT('',#3101);
#958=VERTEX_POINT('',#3103);
#959=VERTEX_POINT('',#3107);
#960=VERTEX_POINT('',#3111);
#961=VERTEX_POINT('',#3113);
#962=VERTEX_POINT('',#3123);
#963=VERTEX_POINT('',#3124);
#964=VERTEX_POINT('',#3126);
#965=VERTEX_POINT('',#3128);
#966=VERTEX_POINT('',#3132);
#967=VERTEX_POINT('',#3133);
#968=VERTEX_POINT('',#3138);
#969=VERTEX_POINT('',#3140);
#970=VERTEX_POINT('',#3142);
#971=VERTEX_POINT('',#3146);
#972=VERTEX_POINT('',#3150);
#973=VERTEX_POINT('',#3152);
#974=VERTEX_POINT('',#3162);
#975=VERTEX_POINT('',#3163);
#976=VERTEX_POINT('',#3165);
#977=VERTEX_POINT('',#3167);
#978=VERTEX_POINT('',#3171);
#979=VERTEX_POINT('',#3172);
#980=VERTEX_POINT('',#3177);
#981=VERTEX_POINT('',#3179);
#982=VERTEX_POINT('',#3181);
#983=VERTEX_POINT('',#3185);
#984=VERTEX_POINT('',#3189);
#985=VERTEX_POINT('',#3191);
#986=VERTEX_POINT('',#3206);
#987=VERTEX_POINT('',#3207);
#988=VERTEX_POINT('',#3209);
#989=VERTEX_POINT('',#3211);
#990=VERTEX_POINT('',#3215);
#991=VERTEX_POINT('',#3217);
#992=VERTEX_POINT('',#3221);
#993=VERTEX_POINT('',#3223);
#994=VERTEX_POINT('',#3233);
#995=VERTEX_POINT('',#3234);
#996=VERTEX_POINT('',#3236);
#997=VERTEX_POINT('',#3238);
#998=VERTEX_POINT('',#3242);
#999=VERTEX_POINT('',#3243);
#1000=VERTEX_POINT('',#3245);
#1001=VERTEX_POINT('',#3247);
#1002=VERTEX_POINT('',#3259);
#1003=VERTEX_POINT('',#3260);
#1004=VERTEX_POINT('',#3262);
#1005=VERTEX_POINT('',#3264);
#1006=VERTEX_POINT('',#3268);
#1007=VERTEX_POINT('',#3269);
#1008=VERTEX_POINT('',#3271);
#1009=VERTEX_POINT('',#3273);
#1010=VERTEX_POINT('',#3285);
#1011=VERTEX_POINT('',#3286);
#1012=VERTEX_POINT('',#3288);
#1013=VERTEX_POINT('',#3290);
#1014=VERTEX_POINT('',#3294);
#1015=VERTEX_POINT('',#3295);
#1016=VERTEX_POINT('',#3297);
#1017=VERTEX_POINT('',#3299);
#1018=VERTEX_POINT('',#3312);
#1019=VERTEX_POINT('',#3313);
#1020=VERTEX_POINT('',#3315);
#1021=VERTEX_POINT('',#3317);
#1022=VERTEX_POINT('',#3321);
#1023=VERTEX_POINT('',#3322);
#1024=VERTEX_POINT('',#3324);
#1025=VERTEX_POINT('',#3326);
#1026=VERTEX_POINT('',#3338);
#1027=VERTEX_POINT('',#3339);
#1028=VERTEX_POINT('',#3341);
#1029=VERTEX_POINT('',#3343);
#1030=VERTEX_POINT('',#3347);
#1031=VERTEX_POINT('',#3348);
#1032=VERTEX_POINT('',#3350);
#1033=VERTEX_POINT('',#3352);
#1034=VERTEX_POINT('',#3364);
#1035=VERTEX_POINT('',#3365);
#1036=VERTEX_POINT('',#3367);
#1037=VERTEX_POINT('',#3369);
#1038=VERTEX_POINT('',#3373);
#1039=VERTEX_POINT('',#3374);
#1040=VERTEX_POINT('',#3376);
#1041=VERTEX_POINT('',#3378);
#1042=VERTEX_POINT('',#3391);
#1043=VERTEX_POINT('',#3392);
#1044=VERTEX_POINT('',#3394);
#1045=VERTEX_POINT('',#3396);
#1046=VERTEX_POINT('',#3400);
#1047=VERTEX_POINT('',#3401);
#1048=VERTEX_POINT('',#3403);
#1049=VERTEX_POINT('',#3405);
#1050=VERTEX_POINT('',#3418);
#1051=VERTEX_POINT('',#3419);
#1052=VERTEX_POINT('',#3421);
#1053=VERTEX_POINT('',#3423);
#1054=VERTEX_POINT('',#3427);
#1055=VERTEX_POINT('',#3428);
#1056=VERTEX_POINT('',#3430);
#1057=VERTEX_POINT('',#3432);
#1058=VERTEX_POINT('',#3445);
#1059=VERTEX_POINT('',#3446);
#1060=VERTEX_POINT('',#3448);
#1061=VERTEX_POINT('',#3450);
#1062=VERTEX_POINT('',#3454);
#1063=VERTEX_POINT('',#3455);
#1064=VERTEX_POINT('',#3457);
#1065=VERTEX_POINT('',#3459);
#1066=VERTEX_POINT('',#3481);
#1067=VERTEX_POINT('',#3482);
#1068=VERTEX_POINT('',#3484);
#1069=VERTEX_POINT('',#3486);
#1070=VERTEX_POINT('',#3490);
#1071=VERTEX_POINT('',#3491);
#1072=VERTEX_POINT('',#3493);
#1073=VERTEX_POINT('',#3495);
#1074=VERTEX_POINT('',#3508);
#1075=VERTEX_POINT('',#3509);
#1076=VERTEX_POINT('',#3511);
#1077=VERTEX_POINT('',#3513);
#1078=VERTEX_POINT('',#3517);
#1079=VERTEX_POINT('',#3518);
#1080=VERTEX_POINT('',#3520);
#1081=VERTEX_POINT('',#3522);
#1082=VERTEX_POINT('',#3535);
#1083=VERTEX_POINT('',#3536);
#1084=VERTEX_POINT('',#3538);
#1085=VERTEX_POINT('',#3540);
#1086=VERTEX_POINT('',#3544);
#1087=VERTEX_POINT('',#3545);
#1088=VERTEX_POINT('',#3547);
#1089=VERTEX_POINT('',#3549);
#1090=VERTEX_POINT('',#3562);
#1091=VERTEX_POINT('',#3563);
#1092=VERTEX_POINT('',#3565);
#1093=VERTEX_POINT('',#3567);
#1094=VERTEX_POINT('',#3571);
#1095=VERTEX_POINT('',#3572);
#1096=VERTEX_POINT('',#3574);
#1097=VERTEX_POINT('',#3576);
#1098=VERTEX_POINT('',#3590);
#1099=VERTEX_POINT('',#3591);
#1100=VERTEX_POINT('',#3593);
#1101=VERTEX_POINT('',#3595);
#1102=VERTEX_POINT('',#3599);
#1103=VERTEX_POINT('',#3600);
#1104=VERTEX_POINT('',#3602);
#1105=VERTEX_POINT('',#3604);
#1106=EDGE_CURVE('',#938,#939,#434,.T.);
#1107=EDGE_CURVE('',#940,#938,#435,.T.);
#1108=EDGE_CURVE('',#940,#941,#436,.T.);
#1109=EDGE_CURVE('',#939,#941,#437,.T.);
#1110=EDGE_CURVE('',#942,#943,#438,.T.);
#1111=EDGE_CURVE('',#941,#942,#439,.T.);
#1112=EDGE_CURVE('',#943,#940,#440,.T.);
#1113=EDGE_CURVE('',#942,#944,#441,.T.);
#1114=EDGE_CURVE('',#945,#944,#442,.T.);
#1115=EDGE_CURVE('',#946,#945,#443,.T.);
#1116=EDGE_CURVE('',#939,#946,#444,.T.);
#1117=EDGE_CURVE('',#943,#947,#445,.T.);
#1118=EDGE_CURVE('',#944,#947,#446,.T.);
#1119=EDGE_CURVE('',#946,#948,#447,.T.);
#1120=EDGE_CURVE('',#949,#945,#448,.T.);
#1121=EDGE_CURVE('',#948,#949,#449,.T.);
#1122=EDGE_CURVE('',#948,#938,#450,.T.);
#1123=EDGE_CURVE('',#947,#949,#451,.T.);
#1124=EDGE_CURVE('',#950,#951,#452,.T.);
#1125=EDGE_CURVE('',#951,#952,#453,.T.);
#1126=EDGE_CURVE('',#953,#952,#454,.T.);
#1127=EDGE_CURVE('',#953,#950,#455,.T.);
#1128=EDGE_CURVE('',#954,#955,#456,.T.);
#1129=EDGE_CURVE('',#955,#953,#457,.T.);
#1130=EDGE_CURVE('',#952,#954,#458,.T.);
#1131=EDGE_CURVE('',#951,#956,#459,.T.);
#1132=EDGE_CURVE('',#956,#957,#460,.T.);
#1133=EDGE_CURVE('',#957,#958,#461,.T.);
#1134=EDGE_CURVE('',#954,#958,#462,.T.);
#1135=EDGE_CURVE('',#958,#959,#463,.T.);
#1136=EDGE_CURVE('',#955,#959,#464,.T.);
#1137=EDGE_CURVE('',#956,#960,#465,.T.);
#1138=EDGE_CURVE('',#960,#961,#466,.T.);
#1139=EDGE_CURVE('',#961,#957,#467,.T.);
#1140=EDGE_CURVE('',#959,#961,#468,.T.);
#1141=EDGE_CURVE('',#960,#950,#469,.T.);
#1142=EDGE_CURVE('',#962,#963,#470,.T.);
#1143=EDGE_CURVE('',#963,#964,#471,.T.);
#1144=EDGE_CURVE('',#965,#964,#472,.T.);
#1145=EDGE_CURVE('',#965,#962,#473,.T.);
#1146=EDGE_CURVE('',#966,#967,#474,.T.);
#1147=EDGE_CURVE('',#967,#965,#475,.T.);
#1148=EDGE_CURVE('',#964,#966,#476,.T.);
#1149=EDGE_CURVE('',#963,#968,#477,.T.);
#1150=EDGE_CURVE('',#968,#969,#478,.T.);
#1151=EDGE_CURVE('',#969,#970,#479,.T.);
#1152=EDGE_CURVE('',#966,#970,#480,.T.);
#1153=EDGE_CURVE('',#970,#971,#481,.T.);
#1154=EDGE_CURVE('',#967,#971,#482,.T.);
#1155=EDGE_CURVE('',#968,#972,#483,.T.);
#1156=EDGE_CURVE('',#972,#973,#484,.T.);
#1157=EDGE_CURVE('',#973,#969,#485,.T.);
#1158=EDGE_CURVE('',#971,#973,#486,.T.);
#1159=EDGE_CURVE('',#972,#962,#487,.T.);
#1160=EDGE_CURVE('',#974,#975,#488,.T.);
#1161=EDGE_CURVE('',#976,#974,#489,.T.);
#1162=EDGE_CURVE('',#976,#977,#490,.T.);
#1163=EDGE_CURVE('',#975,#977,#491,.T.);
#1164=EDGE_CURVE('',#978,#979,#492,.T.);
#1165=EDGE_CURVE('',#977,#978,#493,.T.);
#1166=EDGE_CURVE('',#979,#976,#494,.T.);
#1167=EDGE_CURVE('',#978,#980,#495,.T.);
#1168=EDGE_CURVE('',#981,#980,#496,.T.);
#1169=EDGE_CURVE('',#982,#981,#497,.T.);
#1170=EDGE_CURVE('',#975,#982,#498,.T.);
#1171=EDGE_CURVE('',#979,#983,#499,.T.);
#1172=EDGE_CURVE('',#980,#983,#500,.T.);
#1173=EDGE_CURVE('',#982,#984,#501,.T.);
#1174=EDGE_CURVE('',#985,#981,#502,.T.);
#1175=EDGE_CURVE('',#984,#985,#503,.T.);
#1176=EDGE_CURVE('',#984,#974,#504,.T.);
#1177=EDGE_CURVE('',#983,#985,#505,.T.);
#1178=EDGE_CURVE('',#986,#987,#506,.T.);
#1179=EDGE_CURVE('',#986,#988,#507,.T.);
#1180=EDGE_CURVE('',#989,#988,#508,.T.);
#1181=EDGE_CURVE('',#987,#989,#509,.T.);
#1182=EDGE_CURVE('',#987,#990,#510,.T.);
#1183=EDGE_CURVE('',#991,#989,#511,.T.);
#1184=EDGE_CURVE('',#990,#991,#512,.T.);
#1185=EDGE_CURVE('',#990,#992,#513,.T.);
#1186=EDGE_CURVE('',#993,#991,#514,.T.);
#1187=EDGE_CURVE('',#992,#993,#515,.T.);
#1188=EDGE_CURVE('',#992,#986,#516,.T.);
#1189=EDGE_CURVE('',#988,#993,#517,.T.);
#1190=EDGE_CURVE('',#994,#995,#518,.T.);
#1191=EDGE_CURVE('',#996,#994,#519,.T.);
#1192=EDGE_CURVE('',#997,#996,#520,.T.);
#1193=EDGE_CURVE('',#995,#997,#521,.T.);
#1194=EDGE_CURVE('',#998,#999,#522,.T.);
#1195=EDGE_CURVE('',#1000,#998,#523,.T.);
#1196=EDGE_CURVE('',#1001,#1000,#524,.T.);
#1197=EDGE_CURVE('',#999,#1001,#525,.T.);
#1198=EDGE_CURVE('',#996,#1001,#526,.T.);
#1199=EDGE_CURVE('',#994,#999,#527,.T.);
#1200=EDGE_CURVE('',#997,#1000,#528,.T.);
#1201=EDGE_CURVE('',#995,#998,#529,.T.);
#1202=EDGE_CURVE('',#1002,#1003,#530,.T.);
#1203=EDGE_CURVE('',#1003,#1004,#531,.T.);
#1204=EDGE_CURVE('',#1004,#1005,#532,.T.);
#1205=EDGE_CURVE('',#1005,#1002,#533,.T.);
#1206=EDGE_CURVE('',#1006,#1007,#534,.T.);
#1207=EDGE_CURVE('',#1007,#1008,#535,.T.);
#1208=EDGE_CURVE('',#1008,#1009,#536,.T.);
#1209=EDGE_CURVE('',#1009,#1006,#537,.T.);
#1210=EDGE_CURVE('',#1005,#1008,#538,.T.);
#1211=EDGE_CURVE('',#1002,#1007,#539,.T.);
#1212=EDGE_CURVE('',#1004,#1009,#540,.T.);
#1213=EDGE_CURVE('',#1003,#1006,#541,.T.);
#1214=EDGE_CURVE('',#1010,#1011,#542,.T.);
#1215=EDGE_CURVE('',#1012,#1010,#543,.T.);
#1216=EDGE_CURVE('',#1013,#1012,#544,.T.);
#1217=EDGE_CURVE('',#1011,#1013,#545,.T.);
#1218=EDGE_CURVE('',#1014,#1015,#546,.T.);
#1219=EDGE_CURVE('',#1016,#1014,#547,.T.);
#1220=EDGE_CURVE('',#1017,#1016,#548,.T.);
#1221=EDGE_CURVE('',#1015,#1017,#549,.T.);
#1222=EDGE_CURVE('',#1012,#1017,#550,.T.);
#1223=EDGE_CURVE('',#1010,#1015,#551,.T.);
#1224=EDGE_CURVE('',#1013,#1016,#552,.T.);
#1225=EDGE_CURVE('',#1011,#1014,#553,.T.);
#1226=EDGE_CURVE('',#1018,#1019,#554,.T.);
#1227=EDGE_CURVE('',#1019,#1020,#555,.T.);
#1228=EDGE_CURVE('',#1020,#1021,#556,.T.);
#1229=EDGE_CURVE('',#1021,#1018,#557,.T.);
#1230=EDGE_CURVE('',#1022,#1023,#558,.T.);
#1231=EDGE_CURVE('',#1023,#1024,#559,.T.);
#1232=EDGE_CURVE('',#1024,#1025,#560,.T.);
#1233=EDGE_CURVE('',#1025,#1022,#561,.T.);
#1234=EDGE_CURVE('',#1021,#1024,#562,.T.);
#1235=EDGE_CURVE('',#1018,#1023,#563,.T.);
#1236=EDGE_CURVE('',#1020,#1025,#564,.T.);
#1237=EDGE_CURVE('',#1019,#1022,#565,.T.);
#1238=EDGE_CURVE('',#1026,#1027,#566,.T.);
#1239=EDGE_CURVE('',#1028,#1026,#567,.T.);
#1240=EDGE_CURVE('',#1029,#1028,#568,.T.);
#1241=EDGE_CURVE('',#1027,#1029,#569,.T.);
#1242=EDGE_CURVE('',#1030,#1031,#570,.T.);
#1243=EDGE_CURVE('',#1032,#1030,#571,.T.);
#1244=EDGE_CURVE('',#1033,#1032,#572,.T.);
#1245=EDGE_CURVE('',#1031,#1033,#573,.T.);
#1246=EDGE_CURVE('',#1028,#1033,#574,.T.);
#1247=EDGE_CURVE('',#1026,#1031,#575,.T.);
#1248=EDGE_CURVE('',#1029,#1032,#576,.T.);
#1249=EDGE_CURVE('',#1027,#1030,#577,.T.);
#1250=EDGE_CURVE('',#1034,#1035,#578,.T.);
#1251=EDGE_CURVE('',#1035,#1036,#579,.T.);
#1252=EDGE_CURVE('',#1036,#1037,#580,.T.);
#1253=EDGE_CURVE('',#1037,#1034,#581,.T.);
#1254=EDGE_CURVE('',#1038,#1039,#582,.T.);
#1255=EDGE_CURVE('',#1039,#1040,#583,.T.);
#1256=EDGE_CURVE('',#1040,#1041,#584,.T.);
#1257=EDGE_CURVE('',#1041,#1038,#585,.T.);
#1258=EDGE_CURVE('',#1037,#1040,#586,.T.);
#1259=EDGE_CURVE('',#1034,#1039,#587,.T.);
#1260=EDGE_CURVE('',#1036,#1041,#588,.T.);
#1261=EDGE_CURVE('',#1035,#1038,#589,.T.);
#1262=EDGE_CURVE('',#1042,#1043,#590,.T.);
#1263=EDGE_CURVE('',#1044,#1042,#591,.T.);
#1264=EDGE_CURVE('',#1045,#1044,#592,.T.);
#1265=EDGE_CURVE('',#1043,#1045,#593,.T.);
#1266=EDGE_CURVE('',#1046,#1047,#594,.T.);
#1267=EDGE_CURVE('',#1048,#1046,#595,.T.);
#1268=EDGE_CURVE('',#1049,#1048,#596,.T.);
#1269=EDGE_CURVE('',#1047,#1049,#597,.T.);
#1270=EDGE_CURVE('',#1044,#1049,#598,.T.);
#1271=EDGE_CURVE('',#1042,#1047,#599,.T.);
#1272=EDGE_CURVE('',#1045,#1048,#600,.T.);
#1273=EDGE_CURVE('',#1043,#1046,#601,.T.);
#1274=EDGE_CURVE('',#1050,#1051,#602,.T.);
#1275=EDGE_CURVE('',#1051,#1052,#603,.T.);
#1276=EDGE_CURVE('',#1052,#1053,#604,.T.);
#1277=EDGE_CURVE('',#1053,#1050,#605,.T.);
#1278=EDGE_CURVE('',#1054,#1055,#606,.T.);
#1279=EDGE_CURVE('',#1055,#1056,#607,.T.);
#1280=EDGE_CURVE('',#1056,#1057,#608,.T.);
#1281=EDGE_CURVE('',#1057,#1054,#609,.T.);
#1282=EDGE_CURVE('',#1053,#1056,#610,.T.);
#1283=EDGE_CURVE('',#1050,#1055,#611,.T.);
#1284=EDGE_CURVE('',#1052,#1057,#612,.T.);
#1285=EDGE_CURVE('',#1051,#1054,#613,.T.);
#1286=EDGE_CURVE('',#1058,#1059,#614,.T.);
#1287=EDGE_CURVE('',#1059,#1060,#615,.T.);
#1288=EDGE_CURVE('',#1060,#1061,#616,.T.);
#1289=EDGE_CURVE('',#1061,#1058,#617,.T.);
#1290=EDGE_CURVE('',#1062,#1063,#618,.T.);
#1291=EDGE_CURVE('',#1063,#1064,#619,.T.);
#1292=EDGE_CURVE('',#1064,#1065,#620,.T.);
#1293=EDGE_CURVE('',#1065,#1062,#621,.T.);
#1294=EDGE_CURVE('',#1061,#1064,#622,.T.);
#1295=EDGE_CURVE('',#1058,#1063,#623,.T.);
#1296=EDGE_CURVE('',#1060,#1065,#624,.T.);
#1297=EDGE_CURVE('',#1059,#1062,#625,.T.);
#1298=EDGE_CURVE('',#1066,#1067,#626,.T.);
#1299=EDGE_CURVE('',#1067,#1068,#627,.T.);
#1300=EDGE_CURVE('',#1068,#1069,#628,.T.);
#1301=EDGE_CURVE('',#1069,#1066,#629,.T.);
#1302=EDGE_CURVE('',#1070,#1071,#630,.T.);
#1303=EDGE_CURVE('',#1071,#1072,#631,.T.);
#1304=EDGE_CURVE('',#1072,#1073,#632,.T.);
#1305=EDGE_CURVE('',#1073,#1070,#633,.T.);
#1306=EDGE_CURVE('',#1069,#1072,#634,.T.);
#1307=EDGE_CURVE('',#1066,#1071,#635,.T.);
#1308=EDGE_CURVE('',#1068,#1073,#636,.T.);
#1309=EDGE_CURVE('',#1067,#1070,#637,.T.);
#1310=EDGE_CURVE('',#1074,#1075,#638,.T.);
#1311=EDGE_CURVE('',#1076,#1074,#639,.T.);
#1312=EDGE_CURVE('',#1077,#1076,#640,.T.);
#1313=EDGE_CURVE('',#1075,#1077,#641,.T.);
#1314=EDGE_CURVE('',#1078,#1079,#642,.T.);
#1315=EDGE_CURVE('',#1080,#1078,#643,.T.);
#1316=EDGE_CURVE('',#1081,#1080,#644,.T.);
#1317=EDGE_CURVE('',#1079,#1081,#645,.T.);
#1318=EDGE_CURVE('',#1076,#1081,#646,.T.);
#1319=EDGE_CURVE('',#1074,#1079,#647,.T.);
#1320=EDGE_CURVE('',#1077,#1080,#648,.T.);
#1321=EDGE_CURVE('',#1075,#1078,#649,.T.);
#1322=EDGE_CURVE('',#1082,#1083,#650,.T.);
#1323=EDGE_CURVE('',#1084,#1082,#651,.T.);
#1324=EDGE_CURVE('',#1085,#1084,#652,.T.);
#1325=EDGE_CURVE('',#1083,#1085,#653,.T.);
#1326=EDGE_CURVE('',#1086,#1087,#654,.T.);
#1327=EDGE_CURVE('',#1088,#1086,#655,.T.);
#1328=EDGE_CURVE('',#1089,#1088,#656,.T.);
#1329=EDGE_CURVE('',#1087,#1089,#657,.T.);
#1330=EDGE_CURVE('',#1084,#1089,#658,.T.);
#1331=EDGE_CURVE('',#1082,#1087,#659,.T.);
#1332=EDGE_CURVE('',#1085,#1088,#660,.T.);
#1333=EDGE_CURVE('',#1083,#1086,#661,.T.);
#1334=EDGE_CURVE('',#1090,#1091,#662,.T.);
#1335=EDGE_CURVE('',#1091,#1092,#663,.T.);
#1336=EDGE_CURVE('',#1092,#1093,#664,.T.);
#1337=EDGE_CURVE('',#1093,#1090,#665,.T.);
#1338=EDGE_CURVE('',#1094,#1095,#666,.T.);
#1339=EDGE_CURVE('',#1095,#1096,#667,.T.);
#1340=EDGE_CURVE('',#1096,#1097,#668,.T.);
#1341=EDGE_CURVE('',#1097,#1094,#669,.T.);
#1342=EDGE_CURVE('',#1093,#1096,#670,.T.);
#1343=EDGE_CURVE('',#1090,#1095,#671,.T.);
#1344=EDGE_CURVE('',#1092,#1097,#672,.T.);
#1345=EDGE_CURVE('',#1091,#1094,#673,.T.);
#1346=EDGE_CURVE('',#1098,#1099,#674,.T.);
#1347=EDGE_CURVE('',#1099,#1100,#675,.T.);
#1348=EDGE_CURVE('',#1100,#1101,#676,.T.);
#1349=EDGE_CURVE('',#1101,#1098,#677,.T.);
#1350=EDGE_CURVE('',#1102,#1103,#678,.T.);
#1351=EDGE_CURVE('',#1103,#1104,#679,.T.);
#1352=EDGE_CURVE('',#1104,#1105,#680,.T.);
#1353=EDGE_CURVE('',#1105,#1102,#681,.T.);
#1354=EDGE_CURVE('',#1101,#1104,#682,.T.);
#1355=EDGE_CURVE('',#1098,#1103,#683,.T.);
#1356=EDGE_CURVE('',#1100,#1105,#684,.T.);
#1357=EDGE_CURVE('',#1099,#1102,#685,.T.);
#1358=ORIENTED_EDGE('',*,*,#1106,.F.);
#1359=ORIENTED_EDGE('',*,*,#1107,.F.);
#1360=ORIENTED_EDGE('',*,*,#1108,.T.);
#1361=ORIENTED_EDGE('',*,*,#1109,.F.);
#1362=ORIENTED_EDGE('',*,*,#1110,.F.);
#1363=ORIENTED_EDGE('',*,*,#1111,.F.);
#1364=ORIENTED_EDGE('',*,*,#1108,.F.);
#1365=ORIENTED_EDGE('',*,*,#1112,.F.);
#1366=ORIENTED_EDGE('',*,*,#1109,.T.);
#1367=ORIENTED_EDGE('',*,*,#1111,.T.);
#1368=ORIENTED_EDGE('',*,*,#1113,.T.);
#1369=ORIENTED_EDGE('',*,*,#1114,.F.);
#1370=ORIENTED_EDGE('',*,*,#1115,.F.);
#1371=ORIENTED_EDGE('',*,*,#1116,.F.);
#1372=ORIENTED_EDGE('',*,*,#1110,.T.);
#1373=ORIENTED_EDGE('',*,*,#1117,.T.);
#1374=ORIENTED_EDGE('',*,*,#1118,.F.);
#1375=ORIENTED_EDGE('',*,*,#1113,.F.);
#1376=ORIENTED_EDGE('',*,*,#1119,.F.);
#1377=ORIENTED_EDGE('',*,*,#1115,.T.);
#1378=ORIENTED_EDGE('',*,*,#1120,.F.);
#1379=ORIENTED_EDGE('',*,*,#1121,.F.);
#1380=ORIENTED_EDGE('',*,*,#1107,.T.);
#1381=ORIENTED_EDGE('',*,*,#1122,.F.);
#1382=ORIENTED_EDGE('',*,*,#1121,.T.);
#1383=ORIENTED_EDGE('',*,*,#1123,.F.);
#1384=ORIENTED_EDGE('',*,*,#1117,.F.);
#1385=ORIENTED_EDGE('',*,*,#1112,.T.);
#1386=ORIENTED_EDGE('',*,*,#1114,.T.);
#1387=ORIENTED_EDGE('',*,*,#1118,.T.);
#1388=ORIENTED_EDGE('',*,*,#1123,.T.);
#1389=ORIENTED_EDGE('',*,*,#1120,.T.);
#1390=ORIENTED_EDGE('',*,*,#1106,.T.);
#1391=ORIENTED_EDGE('',*,*,#1116,.T.);
#1392=ORIENTED_EDGE('',*,*,#1119,.T.);
#1393=ORIENTED_EDGE('',*,*,#1122,.T.);
#1394=ORIENTED_EDGE('',*,*,#1124,.T.);
#1395=ORIENTED_EDGE('',*,*,#1125,.T.);
#1396=ORIENTED_EDGE('',*,*,#1126,.F.);
#1397=ORIENTED_EDGE('',*,*,#1127,.T.);
#1398=ORIENTED_EDGE('',*,*,#1128,.T.);
#1399=ORIENTED_EDGE('',*,*,#1129,.T.);
#1400=ORIENTED_EDGE('',*,*,#1126,.T.);
#1401=ORIENTED_EDGE('',*,*,#1130,.T.);
#1402=ORIENTED_EDGE('',*,*,#1125,.F.);
#1403=ORIENTED_EDGE('',*,*,#1131,.T.);
#1404=ORIENTED_EDGE('',*,*,#1132,.T.);
#1405=ORIENTED_EDGE('',*,*,#1133,.T.);
#1406=ORIENTED_EDGE('',*,*,#1134,.F.);
#1407=ORIENTED_EDGE('',*,*,#1130,.F.);
#1408=ORIENTED_EDGE('',*,*,#1128,.F.);
#1409=ORIENTED_EDGE('',*,*,#1134,.T.);
#1410=ORIENTED_EDGE('',*,*,#1135,.T.);
#1411=ORIENTED_EDGE('',*,*,#1136,.F.);
#1412=ORIENTED_EDGE('',*,*,#1137,.T.);
#1413=ORIENTED_EDGE('',*,*,#1138,.T.);
#1414=ORIENTED_EDGE('',*,*,#1139,.T.);
#1415=ORIENTED_EDGE('',*,*,#1132,.F.);
#1416=ORIENTED_EDGE('',*,*,#1127,.F.);
#1417=ORIENTED_EDGE('',*,*,#1129,.F.);
#1418=ORIENTED_EDGE('',*,*,#1136,.T.);
#1419=ORIENTED_EDGE('',*,*,#1140,.T.);
#1420=ORIENTED_EDGE('',*,*,#1138,.F.);
#1421=ORIENTED_EDGE('',*,*,#1141,.T.);
#1422=ORIENTED_EDGE('',*,*,#1133,.F.);
#1423=ORIENTED_EDGE('',*,*,#1139,.F.);
#1424=ORIENTED_EDGE('',*,*,#1140,.F.);
#1425=ORIENTED_EDGE('',*,*,#1135,.F.);
#1426=ORIENTED_EDGE('',*,*,#1124,.F.);
#1427=ORIENTED_EDGE('',*,*,#1141,.F.);
#1428=ORIENTED_EDGE('',*,*,#1137,.F.);
#1429=ORIENTED_EDGE('',*,*,#1131,.F.);
#1430=ORIENTED_EDGE('',*,*,#1142,.T.);
#1431=ORIENTED_EDGE('',*,*,#1143,.T.);
#1432=ORIENTED_EDGE('',*,*,#1144,.F.);
#1433=ORIENTED_EDGE('',*,*,#1145,.T.);
#1434=ORIENTED_EDGE('',*,*,#1146,.T.);
#1435=ORIENTED_EDGE('',*,*,#1147,.T.);
#1436=ORIENTED_EDGE('',*,*,#1144,.T.);
#1437=ORIENTED_EDGE('',*,*,#1148,.T.);
#1438=ORIENTED_EDGE('',*,*,#1143,.F.);
#1439=ORIENTED_EDGE('',*,*,#1149,.T.);
#1440=ORIENTED_EDGE('',*,*,#1150,.T.);
#1441=ORIENTED_EDGE('',*,*,#1151,.T.);
#1442=ORIENTED_EDGE('',*,*,#1152,.F.);
#1443=ORIENTED_EDGE('',*,*,#1148,.F.);
#1444=ORIENTED_EDGE('',*,*,#1146,.F.);
#1445=ORIENTED_EDGE('',*,*,#1152,.T.);
#1446=ORIENTED_EDGE('',*,*,#1153,.T.);
#1447=ORIENTED_EDGE('',*,*,#1154,.F.);
#1448=ORIENTED_EDGE('',*,*,#1155,.T.);
#1449=ORIENTED_EDGE('',*,*,#1156,.T.);
#1450=ORIENTED_EDGE('',*,*,#1157,.T.);
#1451=ORIENTED_EDGE('',*,*,#1150,.F.);
#1452=ORIENTED_EDGE('',*,*,#1145,.F.);
#1453=ORIENTED_EDGE('',*,*,#1147,.F.);
#1454=ORIENTED_EDGE('',*,*,#1154,.T.);
#1455=ORIENTED_EDGE('',*,*,#1158,.T.);
#1456=ORIENTED_EDGE('',*,*,#1156,.F.);
#1457=ORIENTED_EDGE('',*,*,#1159,.T.);
#1458=ORIENTED_EDGE('',*,*,#1151,.F.);
#1459=ORIENTED_EDGE('',*,*,#1157,.F.);
#1460=ORIENTED_EDGE('',*,*,#1158,.F.);
#1461=ORIENTED_EDGE('',*,*,#1153,.F.);
#1462=ORIENTED_EDGE('',*,*,#1142,.F.);
#1463=ORIENTED_EDGE('',*,*,#1159,.F.);
#1464=ORIENTED_EDGE('',*,*,#1155,.F.);
#1465=ORIENTED_EDGE('',*,*,#1149,.F.);
#1466=ORIENTED_EDGE('',*,*,#1160,.F.);
#1467=ORIENTED_EDGE('',*,*,#1161,.F.);
#1468=ORIENTED_EDGE('',*,*,#1162,.T.);
#1469=ORIENTED_EDGE('',*,*,#1163,.F.);
#1470=ORIENTED_EDGE('',*,*,#1164,.F.);
#1471=ORIENTED_EDGE('',*,*,#1165,.F.);
#1472=ORIENTED_EDGE('',*,*,#1162,.F.);
#1473=ORIENTED_EDGE('',*,*,#1166,.F.);
#1474=ORIENTED_EDGE('',*,*,#1163,.T.);
#1475=ORIENTED_EDGE('',*,*,#1165,.T.);
#1476=ORIENTED_EDGE('',*,*,#1167,.T.);
#1477=ORIENTED_EDGE('',*,*,#1168,.F.);
#1478=ORIENTED_EDGE('',*,*,#1169,.F.);
#1479=ORIENTED_EDGE('',*,*,#1170,.F.);
#1480=ORIENTED_EDGE('',*,*,#1164,.T.);
#1481=ORIENTED_EDGE('',*,*,#1171,.T.);
#1482=ORIENTED_EDGE('',*,*,#1172,.F.);
#1483=ORIENTED_EDGE('',*,*,#1167,.F.);
#1484=ORIENTED_EDGE('',*,*,#1173,.F.);
#1485=ORIENTED_EDGE('',*,*,#1169,.T.);
#1486=ORIENTED_EDGE('',*,*,#1174,.F.);
#1487=ORIENTED_EDGE('',*,*,#1175,.F.);
#1488=ORIENTED_EDGE('',*,*,#1161,.T.);
#1489=ORIENTED_EDGE('',*,*,#1176,.F.);
#1490=ORIENTED_EDGE('',*,*,#1175,.T.);
#1491=ORIENTED_EDGE('',*,*,#1177,.F.);
#1492=ORIENTED_EDGE('',*,*,#1171,.F.);
#1493=ORIENTED_EDGE('',*,*,#1166,.T.);
#1494=ORIENTED_EDGE('',*,*,#1168,.T.);
#1495=ORIENTED_EDGE('',*,*,#1172,.T.);
#1496=ORIENTED_EDGE('',*,*,#1177,.T.);
#1497=ORIENTED_EDGE('',*,*,#1174,.T.);
#1498=ORIENTED_EDGE('',*,*,#1160,.T.);
#1499=ORIENTED_EDGE('',*,*,#1170,.T.);
#1500=ORIENTED_EDGE('',*,*,#1173,.T.);
#1501=ORIENTED_EDGE('',*,*,#1176,.T.);
#1502=ORIENTED_EDGE('',*,*,#1178,.F.);
#1503=ORIENTED_EDGE('',*,*,#1179,.T.);
#1504=ORIENTED_EDGE('',*,*,#1180,.F.);
#1505=ORIENTED_EDGE('',*,*,#1181,.F.);
#1506=ORIENTED_EDGE('',*,*,#1182,.F.);
#1507=ORIENTED_EDGE('',*,*,#1181,.T.);
#1508=ORIENTED_EDGE('',*,*,#1183,.F.);
#1509=ORIENTED_EDGE('',*,*,#1184,.F.);
#1510=ORIENTED_EDGE('',*,*,#1185,.F.);
#1511=ORIENTED_EDGE('',*,*,#1184,.T.);
#1512=ORIENTED_EDGE('',*,*,#1186,.F.);
#1513=ORIENTED_EDGE('',*,*,#1187,.F.);
#1514=ORIENTED_EDGE('',*,*,#1188,.F.);
#1515=ORIENTED_EDGE('',*,*,#1187,.T.);
#1516=ORIENTED_EDGE('',*,*,#1189,.F.);
#1517=ORIENTED_EDGE('',*,*,#1179,.F.);
#1518=ORIENTED_EDGE('',*,*,#1189,.T.);
#1519=ORIENTED_EDGE('',*,*,#1186,.T.);
#1520=ORIENTED_EDGE('',*,*,#1183,.T.);
#1521=ORIENTED_EDGE('',*,*,#1180,.T.);
#1522=ORIENTED_EDGE('',*,*,#1188,.T.);
#1523=ORIENTED_EDGE('',*,*,#1178,.T.);
#1524=ORIENTED_EDGE('',*,*,#1182,.T.);
#1525=ORIENTED_EDGE('',*,*,#1185,.T.);
#1526=ORIENTED_EDGE('',*,*,#1190,.F.);
#1527=ORIENTED_EDGE('',*,*,#1191,.F.);
#1528=ORIENTED_EDGE('',*,*,#1192,.F.);
#1529=ORIENTED_EDGE('',*,*,#1193,.F.);
#1530=ORIENTED_EDGE('',*,*,#1194,.F.);
#1531=ORIENTED_EDGE('',*,*,#1195,.F.);
#1532=ORIENTED_EDGE('',*,*,#1196,.F.);
#1533=ORIENTED_EDGE('',*,*,#1197,.F.);
#1534=ORIENTED_EDGE('',*,*,#1198,.F.);
#1535=ORIENTED_EDGE('',*,*,#1191,.T.);
#1536=ORIENTED_EDGE('',*,*,#1199,.T.);
#1537=ORIENTED_EDGE('',*,*,#1197,.T.);
#1538=ORIENTED_EDGE('',*,*,#1200,.F.);
#1539=ORIENTED_EDGE('',*,*,#1192,.T.);
#1540=ORIENTED_EDGE('',*,*,#1198,.T.);
#1541=ORIENTED_EDGE('',*,*,#1196,.T.);
#1542=ORIENTED_EDGE('',*,*,#1201,.F.);
#1543=ORIENTED_EDGE('',*,*,#1193,.T.);
#1544=ORIENTED_EDGE('',*,*,#1200,.T.);
#1545=ORIENTED_EDGE('',*,*,#1195,.T.);
#1546=ORIENTED_EDGE('',*,*,#1199,.F.);
#1547=ORIENTED_EDGE('',*,*,#1190,.T.);
#1548=ORIENTED_EDGE('',*,*,#1201,.T.);
#1549=ORIENTED_EDGE('',*,*,#1194,.T.);
#1550=ORIENTED_EDGE('',*,*,#1202,.T.);
#1551=ORIENTED_EDGE('',*,*,#1203,.T.);
#1552=ORIENTED_EDGE('',*,*,#1204,.T.);
#1553=ORIENTED_EDGE('',*,*,#1205,.T.);
#1554=ORIENTED_EDGE('',*,*,#1206,.T.);
#1555=ORIENTED_EDGE('',*,*,#1207,.T.);
#1556=ORIENTED_EDGE('',*,*,#1208,.T.);
#1557=ORIENTED_EDGE('',*,*,#1209,.T.);
#1558=ORIENTED_EDGE('',*,*,#1210,.T.);
#1559=ORIENTED_EDGE('',*,*,#1207,.F.);
#1560=ORIENTED_EDGE('',*,*,#1211,.F.);
#1561=ORIENTED_EDGE('',*,*,#1205,.F.);
#1562=ORIENTED_EDGE('',*,*,#1212,.T.);
#1563=ORIENTED_EDGE('',*,*,#1208,.F.);
#1564=ORIENTED_EDGE('',*,*,#1210,.F.);
#1565=ORIENTED_EDGE('',*,*,#1204,.F.);
#1566=ORIENTED_EDGE('',*,*,#1213,.T.);
#1567=ORIENTED_EDGE('',*,*,#1209,.F.);
#1568=ORIENTED_EDGE('',*,*,#1212,.F.);
#1569=ORIENTED_EDGE('',*,*,#1203,.F.);
#1570=ORIENTED_EDGE('',*,*,#1211,.T.);
#1571=ORIENTED_EDGE('',*,*,#1206,.F.);
#1572=ORIENTED_EDGE('',*,*,#1213,.F.);
#1573=ORIENTED_EDGE('',*,*,#1202,.F.);
#1574=ORIENTED_EDGE('',*,*,#1214,.F.);
#1575=ORIENTED_EDGE('',*,*,#1215,.F.);
#1576=ORIENTED_EDGE('',*,*,#1216,.F.);
#1577=ORIENTED_EDGE('',*,*,#1217,.F.);
#1578=ORIENTED_EDGE('',*,*,#1218,.F.);
#1579=ORIENTED_EDGE('',*,*,#1219,.F.);
#1580=ORIENTED_EDGE('',*,*,#1220,.F.);
#1581=ORIENTED_EDGE('',*,*,#1221,.F.);
#1582=ORIENTED_EDGE('',*,*,#1222,.F.);
#1583=ORIENTED_EDGE('',*,*,#1215,.T.);
#1584=ORIENTED_EDGE('',*,*,#1223,.T.);
#1585=ORIENTED_EDGE('',*,*,#1221,.T.);
#1586=ORIENTED_EDGE('',*,*,#1224,.F.);
#1587=ORIENTED_EDGE('',*,*,#1216,.T.);
#1588=ORIENTED_EDGE('',*,*,#1222,.T.);
#1589=ORIENTED_EDGE('',*,*,#1220,.T.);
#1590=ORIENTED_EDGE('',*,*,#1225,.F.);
#1591=ORIENTED_EDGE('',*,*,#1217,.T.);
#1592=ORIENTED_EDGE('',*,*,#1224,.T.);
#1593=ORIENTED_EDGE('',*,*,#1219,.T.);
#1594=ORIENTED_EDGE('',*,*,#1223,.F.);
#1595=ORIENTED_EDGE('',*,*,#1214,.T.);
#1596=ORIENTED_EDGE('',*,*,#1225,.T.);
#1597=ORIENTED_EDGE('',*,*,#1218,.T.);
#1598=ORIENTED_EDGE('',*,*,#1226,.T.);
#1599=ORIENTED_EDGE('',*,*,#1227,.T.);
#1600=ORIENTED_EDGE('',*,*,#1228,.T.);
#1601=ORIENTED_EDGE('',*,*,#1229,.T.);
#1602=ORIENTED_EDGE('',*,*,#1230,.T.);
#1603=ORIENTED_EDGE('',*,*,#1231,.T.);
#1604=ORIENTED_EDGE('',*,*,#1232,.T.);
#1605=ORIENTED_EDGE('',*,*,#1233,.T.);
#1606=ORIENTED_EDGE('',*,*,#1234,.T.);
#1607=ORIENTED_EDGE('',*,*,#1231,.F.);
#1608=ORIENTED_EDGE('',*,*,#1235,.F.);
#1609=ORIENTED_EDGE('',*,*,#1229,.F.);
#1610=ORIENTED_EDGE('',*,*,#1236,.T.);
#1611=ORIENTED_EDGE('',*,*,#1232,.F.);
#1612=ORIENTED_EDGE('',*,*,#1234,.F.);
#1613=ORIENTED_EDGE('',*,*,#1228,.F.);
#1614=ORIENTED_EDGE('',*,*,#1237,.T.);
#1615=ORIENTED_EDGE('',*,*,#1233,.F.);
#1616=ORIENTED_EDGE('',*,*,#1236,.F.);
#1617=ORIENTED_EDGE('',*,*,#1227,.F.);
#1618=ORIENTED_EDGE('',*,*,#1235,.T.);
#1619=ORIENTED_EDGE('',*,*,#1230,.F.);
#1620=ORIENTED_EDGE('',*,*,#1237,.F.);
#1621=ORIENTED_EDGE('',*,*,#1226,.F.);
#1622=ORIENTED_EDGE('',*,*,#1238,.F.);
#1623=ORIENTED_EDGE('',*,*,#1239,.F.);
#1624=ORIENTED_EDGE('',*,*,#1240,.F.);
#1625=ORIENTED_EDGE('',*,*,#1241,.F.);
#1626=ORIENTED_EDGE('',*,*,#1242,.F.);
#1627=ORIENTED_EDGE('',*,*,#1243,.F.);
#1628=ORIENTED_EDGE('',*,*,#1244,.F.);
#1629=ORIENTED_EDGE('',*,*,#1245,.F.);
#1630=ORIENTED_EDGE('',*,*,#1246,.F.);
#1631=ORIENTED_EDGE('',*,*,#1239,.T.);
#1632=ORIENTED_EDGE('',*,*,#1247,.T.);
#1633=ORIENTED_EDGE('',*,*,#1245,.T.);
#1634=ORIENTED_EDGE('',*,*,#1248,.F.);
#1635=ORIENTED_EDGE('',*,*,#1240,.T.);
#1636=ORIENTED_EDGE('',*,*,#1246,.T.);
#1637=ORIENTED_EDGE('',*,*,#1244,.T.);
#1638=ORIENTED_EDGE('',*,*,#1249,.F.);
#1639=ORIENTED_EDGE('',*,*,#1241,.T.);
#1640=ORIENTED_EDGE('',*,*,#1248,.T.);
#1641=ORIENTED_EDGE('',*,*,#1243,.T.);
#1642=ORIENTED_EDGE('',*,*,#1247,.F.);
#1643=ORIENTED_EDGE('',*,*,#1238,.T.);
#1644=ORIENTED_EDGE('',*,*,#1249,.T.);
#1645=ORIENTED_EDGE('',*,*,#1242,.T.);
#1646=ORIENTED_EDGE('',*,*,#1250,.T.);
#1647=ORIENTED_EDGE('',*,*,#1251,.T.);
#1648=ORIENTED_EDGE('',*,*,#1252,.T.);
#1649=ORIENTED_EDGE('',*,*,#1253,.T.);
#1650=ORIENTED_EDGE('',*,*,#1254,.T.);
#1651=ORIENTED_EDGE('',*,*,#1255,.T.);
#1652=ORIENTED_EDGE('',*,*,#1256,.T.);
#1653=ORIENTED_EDGE('',*,*,#1257,.T.);
#1654=ORIENTED_EDGE('',*,*,#1258,.T.);
#1655=ORIENTED_EDGE('',*,*,#1255,.F.);
#1656=ORIENTED_EDGE('',*,*,#1259,.F.);
#1657=ORIENTED_EDGE('',*,*,#1253,.F.);
#1658=ORIENTED_EDGE('',*,*,#1260,.T.);
#1659=ORIENTED_EDGE('',*,*,#1256,.F.);
#1660=ORIENTED_EDGE('',*,*,#1258,.F.);
#1661=ORIENTED_EDGE('',*,*,#1252,.F.);
#1662=ORIENTED_EDGE('',*,*,#1261,.T.);
#1663=ORIENTED_EDGE('',*,*,#1257,.F.);
#1664=ORIENTED_EDGE('',*,*,#1260,.F.);
#1665=ORIENTED_EDGE('',*,*,#1251,.F.);
#1666=ORIENTED_EDGE('',*,*,#1259,.T.);
#1667=ORIENTED_EDGE('',*,*,#1254,.F.);
#1668=ORIENTED_EDGE('',*,*,#1261,.F.);
#1669=ORIENTED_EDGE('',*,*,#1250,.F.);
#1670=ORIENTED_EDGE('',*,*,#1262,.F.);
#1671=ORIENTED_EDGE('',*,*,#1263,.F.);
#1672=ORIENTED_EDGE('',*,*,#1264,.F.);
#1673=ORIENTED_EDGE('',*,*,#1265,.F.);
#1674=ORIENTED_EDGE('',*,*,#1266,.F.);
#1675=ORIENTED_EDGE('',*,*,#1267,.F.);
#1676=ORIENTED_EDGE('',*,*,#1268,.F.);
#1677=ORIENTED_EDGE('',*,*,#1269,.F.);
#1678=ORIENTED_EDGE('',*,*,#1270,.F.);
#1679=ORIENTED_EDGE('',*,*,#1263,.T.);
#1680=ORIENTED_EDGE('',*,*,#1271,.T.);
#1681=ORIENTED_EDGE('',*,*,#1269,.T.);
#1682=ORIENTED_EDGE('',*,*,#1272,.F.);
#1683=ORIENTED_EDGE('',*,*,#1264,.T.);
#1684=ORIENTED_EDGE('',*,*,#1270,.T.);
#1685=ORIENTED_EDGE('',*,*,#1268,.T.);
#1686=ORIENTED_EDGE('',*,*,#1273,.F.);
#1687=ORIENTED_EDGE('',*,*,#1265,.T.);
#1688=ORIENTED_EDGE('',*,*,#1272,.T.);
#1689=ORIENTED_EDGE('',*,*,#1267,.T.);
#1690=ORIENTED_EDGE('',*,*,#1271,.F.);
#1691=ORIENTED_EDGE('',*,*,#1262,.T.);
#1692=ORIENTED_EDGE('',*,*,#1273,.T.);
#1693=ORIENTED_EDGE('',*,*,#1266,.T.);
#1694=ORIENTED_EDGE('',*,*,#1274,.T.);
#1695=ORIENTED_EDGE('',*,*,#1275,.T.);
#1696=ORIENTED_EDGE('',*,*,#1276,.T.);
#1697=ORIENTED_EDGE('',*,*,#1277,.T.);
#1698=ORIENTED_EDGE('',*,*,#1278,.T.);
#1699=ORIENTED_EDGE('',*,*,#1279,.T.);
#1700=ORIENTED_EDGE('',*,*,#1280,.T.);
#1701=ORIENTED_EDGE('',*,*,#1281,.T.);
#1702=ORIENTED_EDGE('',*,*,#1282,.T.);
#1703=ORIENTED_EDGE('',*,*,#1279,.F.);
#1704=ORIENTED_EDGE('',*,*,#1283,.F.);
#1705=ORIENTED_EDGE('',*,*,#1277,.F.);
#1706=ORIENTED_EDGE('',*,*,#1284,.T.);
#1707=ORIENTED_EDGE('',*,*,#1280,.F.);
#1708=ORIENTED_EDGE('',*,*,#1282,.F.);
#1709=ORIENTED_EDGE('',*,*,#1276,.F.);
#1710=ORIENTED_EDGE('',*,*,#1285,.T.);
#1711=ORIENTED_EDGE('',*,*,#1281,.F.);
#1712=ORIENTED_EDGE('',*,*,#1284,.F.);
#1713=ORIENTED_EDGE('',*,*,#1275,.F.);
#1714=ORIENTED_EDGE('',*,*,#1283,.T.);
#1715=ORIENTED_EDGE('',*,*,#1278,.F.);
#1716=ORIENTED_EDGE('',*,*,#1285,.F.);
#1717=ORIENTED_EDGE('',*,*,#1274,.F.);
#1718=ORIENTED_EDGE('',*,*,#1286,.T.);
#1719=ORIENTED_EDGE('',*,*,#1287,.T.);
#1720=ORIENTED_EDGE('',*,*,#1288,.T.);
#1721=ORIENTED_EDGE('',*,*,#1289,.T.);
#1722=ORIENTED_EDGE('',*,*,#1290,.T.);
#1723=ORIENTED_EDGE('',*,*,#1291,.T.);
#1724=ORIENTED_EDGE('',*,*,#1292,.T.);
#1725=ORIENTED_EDGE('',*,*,#1293,.T.);
#1726=ORIENTED_EDGE('',*,*,#1294,.T.);
#1727=ORIENTED_EDGE('',*,*,#1291,.F.);
#1728=ORIENTED_EDGE('',*,*,#1295,.F.);
#1729=ORIENTED_EDGE('',*,*,#1289,.F.);
#1730=ORIENTED_EDGE('',*,*,#1296,.T.);
#1731=ORIENTED_EDGE('',*,*,#1292,.F.);
#1732=ORIENTED_EDGE('',*,*,#1294,.F.);
#1733=ORIENTED_EDGE('',*,*,#1288,.F.);
#1734=ORIENTED_EDGE('',*,*,#1297,.T.);
#1735=ORIENTED_EDGE('',*,*,#1293,.F.);
#1736=ORIENTED_EDGE('',*,*,#1296,.F.);
#1737=ORIENTED_EDGE('',*,*,#1287,.F.);
#1738=ORIENTED_EDGE('',*,*,#1295,.T.);
#1739=ORIENTED_EDGE('',*,*,#1290,.F.);
#1740=ORIENTED_EDGE('',*,*,#1297,.F.);
#1741=ORIENTED_EDGE('',*,*,#1286,.F.);
#1742=ORIENTED_EDGE('',*,*,#1298,.T.);
#1743=ORIENTED_EDGE('',*,*,#1299,.T.);
#1744=ORIENTED_EDGE('',*,*,#1300,.T.);
#1745=ORIENTED_EDGE('',*,*,#1301,.T.);
#1746=ORIENTED_EDGE('',*,*,#1302,.T.);
#1747=ORIENTED_EDGE('',*,*,#1303,.T.);
#1748=ORIENTED_EDGE('',*,*,#1304,.T.);
#1749=ORIENTED_EDGE('',*,*,#1305,.T.);
#1750=ORIENTED_EDGE('',*,*,#1306,.T.);
#1751=ORIENTED_EDGE('',*,*,#1303,.F.);
#1752=ORIENTED_EDGE('',*,*,#1307,.F.);
#1753=ORIENTED_EDGE('',*,*,#1301,.F.);
#1754=ORIENTED_EDGE('',*,*,#1308,.T.);
#1755=ORIENTED_EDGE('',*,*,#1304,.F.);
#1756=ORIENTED_EDGE('',*,*,#1306,.F.);
#1757=ORIENTED_EDGE('',*,*,#1300,.F.);
#1758=ORIENTED_EDGE('',*,*,#1309,.T.);
#1759=ORIENTED_EDGE('',*,*,#1305,.F.);
#1760=ORIENTED_EDGE('',*,*,#1308,.F.);
#1761=ORIENTED_EDGE('',*,*,#1299,.F.);
#1762=ORIENTED_EDGE('',*,*,#1307,.T.);
#1763=ORIENTED_EDGE('',*,*,#1302,.F.);
#1764=ORIENTED_EDGE('',*,*,#1309,.F.);
#1765=ORIENTED_EDGE('',*,*,#1298,.F.);
#1766=ORIENTED_EDGE('',*,*,#1310,.F.);
#1767=ORIENTED_EDGE('',*,*,#1311,.F.);
#1768=ORIENTED_EDGE('',*,*,#1312,.F.);
#1769=ORIENTED_EDGE('',*,*,#1313,.F.);
#1770=ORIENTED_EDGE('',*,*,#1314,.F.);
#1771=ORIENTED_EDGE('',*,*,#1315,.F.);
#1772=ORIENTED_EDGE('',*,*,#1316,.F.);
#1773=ORIENTED_EDGE('',*,*,#1317,.F.);
#1774=ORIENTED_EDGE('',*,*,#1318,.F.);
#1775=ORIENTED_EDGE('',*,*,#1311,.T.);
#1776=ORIENTED_EDGE('',*,*,#1319,.T.);
#1777=ORIENTED_EDGE('',*,*,#1317,.T.);
#1778=ORIENTED_EDGE('',*,*,#1320,.F.);
#1779=ORIENTED_EDGE('',*,*,#1312,.T.);
#1780=ORIENTED_EDGE('',*,*,#1318,.T.);
#1781=ORIENTED_EDGE('',*,*,#1316,.T.);
#1782=ORIENTED_EDGE('',*,*,#1321,.F.);
#1783=ORIENTED_EDGE('',*,*,#1313,.T.);
#1784=ORIENTED_EDGE('',*,*,#1320,.T.);
#1785=ORIENTED_EDGE('',*,*,#1315,.T.);
#1786=ORIENTED_EDGE('',*,*,#1319,.F.);
#1787=ORIENTED_EDGE('',*,*,#1310,.T.);
#1788=ORIENTED_EDGE('',*,*,#1321,.T.);
#1789=ORIENTED_EDGE('',*,*,#1314,.T.);
#1790=ORIENTED_EDGE('',*,*,#1322,.F.);
#1791=ORIENTED_EDGE('',*,*,#1323,.F.);
#1792=ORIENTED_EDGE('',*,*,#1324,.F.);
#1793=ORIENTED_EDGE('',*,*,#1325,.F.);
#1794=ORIENTED_EDGE('',*,*,#1326,.F.);
#1795=ORIENTED_EDGE('',*,*,#1327,.F.);
#1796=ORIENTED_EDGE('',*,*,#1328,.F.);
#1797=ORIENTED_EDGE('',*,*,#1329,.F.);
#1798=ORIENTED_EDGE('',*,*,#1330,.F.);
#1799=ORIENTED_EDGE('',*,*,#1323,.T.);
#1800=ORIENTED_EDGE('',*,*,#1331,.T.);
#1801=ORIENTED_EDGE('',*,*,#1329,.T.);
#1802=ORIENTED_EDGE('',*,*,#1332,.F.);
#1803=ORIENTED_EDGE('',*,*,#1324,.T.);
#1804=ORIENTED_EDGE('',*,*,#1330,.T.);
#1805=ORIENTED_EDGE('',*,*,#1328,.T.);
#1806=ORIENTED_EDGE('',*,*,#1333,.F.);
#1807=ORIENTED_EDGE('',*,*,#1325,.T.);
#1808=ORIENTED_EDGE('',*,*,#1332,.T.);
#1809=ORIENTED_EDGE('',*,*,#1327,.T.);
#1810=ORIENTED_EDGE('',*,*,#1331,.F.);
#1811=ORIENTED_EDGE('',*,*,#1322,.T.);
#1812=ORIENTED_EDGE('',*,*,#1333,.T.);
#1813=ORIENTED_EDGE('',*,*,#1326,.T.);
#1814=ORIENTED_EDGE('',*,*,#1334,.T.);
#1815=ORIENTED_EDGE('',*,*,#1335,.T.);
#1816=ORIENTED_EDGE('',*,*,#1336,.T.);
#1817=ORIENTED_EDGE('',*,*,#1337,.T.);
#1818=ORIENTED_EDGE('',*,*,#1338,.T.);
#1819=ORIENTED_EDGE('',*,*,#1339,.T.);
#1820=ORIENTED_EDGE('',*,*,#1340,.T.);
#1821=ORIENTED_EDGE('',*,*,#1341,.T.);
#1822=ORIENTED_EDGE('',*,*,#1342,.T.);
#1823=ORIENTED_EDGE('',*,*,#1339,.F.);
#1824=ORIENTED_EDGE('',*,*,#1343,.F.);
#1825=ORIENTED_EDGE('',*,*,#1337,.F.);
#1826=ORIENTED_EDGE('',*,*,#1344,.T.);
#1827=ORIENTED_EDGE('',*,*,#1340,.F.);
#1828=ORIENTED_EDGE('',*,*,#1342,.F.);
#1829=ORIENTED_EDGE('',*,*,#1336,.F.);
#1830=ORIENTED_EDGE('',*,*,#1345,.T.);
#1831=ORIENTED_EDGE('',*,*,#1341,.F.);
#1832=ORIENTED_EDGE('',*,*,#1344,.F.);
#1833=ORIENTED_EDGE('',*,*,#1335,.F.);
#1834=ORIENTED_EDGE('',*,*,#1343,.T.);
#1835=ORIENTED_EDGE('',*,*,#1338,.F.);
#1836=ORIENTED_EDGE('',*,*,#1345,.F.);
#1837=ORIENTED_EDGE('',*,*,#1334,.F.);
#1838=ORIENTED_EDGE('',*,*,#1346,.T.);
#1839=ORIENTED_EDGE('',*,*,#1347,.T.);
#1840=ORIENTED_EDGE('',*,*,#1348,.T.);
#1841=ORIENTED_EDGE('',*,*,#1349,.T.);
#1842=ORIENTED_EDGE('',*,*,#1350,.T.);
#1843=ORIENTED_EDGE('',*,*,#1351,.T.);
#1844=ORIENTED_EDGE('',*,*,#1352,.T.);
#1845=ORIENTED_EDGE('',*,*,#1353,.T.);
#1846=ORIENTED_EDGE('',*,*,#1354,.T.);
#1847=ORIENTED_EDGE('',*,*,#1351,.F.);
#1848=ORIENTED_EDGE('',*,*,#1355,.F.);
#1849=ORIENTED_EDGE('',*,*,#1349,.F.);
#1850=ORIENTED_EDGE('',*,*,#1356,.T.);
#1851=ORIENTED_EDGE('',*,*,#1352,.F.);
#1852=ORIENTED_EDGE('',*,*,#1354,.F.);
#1853=ORIENTED_EDGE('',*,*,#1348,.F.);
#1854=ORIENTED_EDGE('',*,*,#1357,.T.);
#1855=ORIENTED_EDGE('',*,*,#1353,.F.);
#1856=ORIENTED_EDGE('',*,*,#1356,.F.);
#1857=ORIENTED_EDGE('',*,*,#1347,.F.);
#1858=ORIENTED_EDGE('',*,*,#1355,.T.);
#1859=ORIENTED_EDGE('',*,*,#1350,.F.);
#1860=ORIENTED_EDGE('',*,*,#1357,.F.);
#1861=ORIENTED_EDGE('',*,*,#1346,.F.);
#1862=PLANE('',#2294);
#1863=PLANE('',#2295);
#1864=PLANE('',#2296);
#1865=PLANE('',#2297);
#1866=PLANE('',#2298);
#1867=PLANE('',#2299);
#1868=PLANE('',#2300);
#1869=PLANE('',#2301);
#1870=PLANE('',#2303);
#1871=PLANE('',#2304);
#1872=PLANE('',#2305);
#1873=PLANE('',#2306);
#1874=PLANE('',#2307);
#1875=PLANE('',#2308);
#1876=PLANE('',#2309);
#1877=PLANE('',#2310);
#1878=PLANE('',#2312);
#1879=PLANE('',#2313);
#1880=PLANE('',#2314);
#1881=PLANE('',#2315);
#1882=PLANE('',#2316);
#1883=PLANE('',#2317);
#1884=PLANE('',#2318);
#1885=PLANE('',#2319);
#1886=PLANE('',#2321);
#1887=PLANE('',#2322);
#1888=PLANE('',#2323);
#1889=PLANE('',#2324);
#1890=PLANE('',#2325);
#1891=PLANE('',#2326);
#1892=PLANE('',#2327);
#1893=PLANE('',#2328);
#1894=PLANE('',#2335);
#1895=PLANE('',#2336);
#1896=PLANE('',#2337);
#1897=PLANE('',#2338);
#1898=PLANE('',#2339);
#1899=PLANE('',#2340);
#1900=PLANE('',#2342);
#1901=PLANE('',#2343);
#1902=PLANE('',#2344);
#1903=PLANE('',#2345);
#1904=PLANE('',#2346);
#1905=PLANE('',#2347);
#1906=PLANE('',#2348);
#1907=PLANE('',#2349);
#1908=PLANE('',#2350);
#1909=PLANE('',#2351);
#1910=PLANE('',#2352);
#1911=PLANE('',#2353);
#1912=PLANE('',#2354);
#1913=PLANE('',#2355);
#1914=PLANE('',#2356);
#1915=PLANE('',#2357);
#1916=PLANE('',#2358);
#1917=PLANE('',#2359);
#1918=PLANE('',#2361);
#1919=PLANE('',#2362);
#1920=PLANE('',#2363);
#1921=PLANE('',#2364);
#1922=PLANE('',#2365);
#1923=PLANE('',#2366);
#1924=PLANE('',#2367);
#1925=PLANE('',#2368);
#1926=PLANE('',#2369);
#1927=PLANE('',#2370);
#1928=PLANE('',#2371);
#1929=PLANE('',#2372);
#1930=PLANE('',#2373);
#1931=PLANE('',#2374);
#1932=PLANE('',#2375);
#1933=PLANE('',#2376);
#1934=PLANE('',#2377);
#1935=PLANE('',#2378);
#1936=PLANE('',#2380);
#1937=PLANE('',#2381);
#1938=PLANE('',#2382);
#1939=PLANE('',#2383);
#1940=PLANE('',#2384);
#1941=PLANE('',#2385);
#1942=PLANE('',#2387);
#1943=PLANE('',#2388);
#1944=PLANE('',#2389);
#1945=PLANE('',#2390);
#1946=PLANE('',#2391);
#1947=PLANE('',#2392);
#1948=PLANE('',#2394);
#1949=PLANE('',#2395);
#1950=PLANE('',#2396);
#1951=PLANE('',#2397);
#1952=PLANE('',#2398);
#1953=PLANE('',#2399);
#1954=PLANE('',#2410);
#1955=PLANE('',#2411);
#1956=PLANE('',#2412);
#1957=PLANE('',#2413);
#1958=PLANE('',#2414);
#1959=PLANE('',#2415);
#1960=PLANE('',#2417);
#1961=PLANE('',#2418);
#1962=PLANE('',#2419);
#1963=PLANE('',#2420);
#1964=PLANE('',#2421);
#1965=PLANE('',#2422);
#1966=PLANE('',#2424);
#1967=PLANE('',#2425);
#1968=PLANE('',#2426);
#1969=PLANE('',#2427);
#1970=PLANE('',#2428);
#1971=PLANE('',#2429);
#1972=PLANE('',#2431);
#1973=PLANE('',#2432);
#1974=PLANE('',#2433);
#1975=PLANE('',#2434);
#1976=PLANE('',#2435);
#1977=PLANE('',#2436);
#1978=PLANE('',#2439);
#1979=PLANE('',#2440);
#1980=PLANE('',#2441);
#1981=PLANE('',#2442);
#1982=PLANE('',#2443);
#1983=PLANE('',#2444);
#1984=ADVANCED_FACE('',(#190),#1862,.F.);
#1985=ADVANCED_FACE('',(#191),#1863,.F.);
#1986=ADVANCED_FACE('',(#192),#1864,.T.);
#1987=ADVANCED_FACE('',(#193),#1865,.T.);
#1988=ADVANCED_FACE('',(#194),#1866,.T.);
#1989=ADVANCED_FACE('',(#195),#1867,.T.);
#1990=ADVANCED_FACE('',(#196),#1868,.T.);
#1991=ADVANCED_FACE('',(#197),#1869,.F.);
#1992=ADVANCED_FACE('',(#198),#1870,.T.);
#1993=ADVANCED_FACE('',(#199),#1871,.T.);
#1994=ADVANCED_FACE('',(#200),#1872,.F.);
#1995=ADVANCED_FACE('',(#201),#1873,.F.);
#1996=ADVANCED_FACE('',(#202),#1874,.F.);
#1997=ADVANCED_FACE('',(#203),#1875,.F.);
#1998=ADVANCED_FACE('',(#204),#1876,.F.);
#1999=ADVANCED_FACE('',(#205),#1877,.T.);
#2000=ADVANCED_FACE('',(#206),#1878,.T.);
#2001=ADVANCED_FACE('',(#207),#1879,.T.);
#2002=ADVANCED_FACE('',(#208),#1880,.F.);
#2003=ADVANCED_FACE('',(#209),#1881,.F.);
#2004=ADVANCED_FACE('',(#210),#1882,.F.);
#2005=ADVANCED_FACE('',(#211),#1883,.F.);
#2006=ADVANCED_FACE('',(#212),#1884,.F.);
#2007=ADVANCED_FACE('',(#213),#1885,.T.);
#2008=ADVANCED_FACE('',(#214),#1886,.F.);
#2009=ADVANCED_FACE('',(#215),#1887,.F.);
#2010=ADVANCED_FACE('',(#216),#1888,.T.);
#2011=ADVANCED_FACE('',(#217),#1889,.T.);
#2012=ADVANCED_FACE('',(#218),#1890,.T.);
#2013=ADVANCED_FACE('',(#219),#1891,.T.);
#2014=ADVANCED_FACE('',(#220),#1892,.T.);
#2015=ADVANCED_FACE('',(#221),#1893,.F.);
#2016=ADVANCED_FACE('',(#222),#1894,.T.);
#2017=ADVANCED_FACE('',(#223),#1895,.T.);
#2018=ADVANCED_FACE('',(#224),#1896,.T.);
#2019=ADVANCED_FACE('',(#225),#1897,.T.);
#2020=ADVANCED_FACE('',(#226),#1898,.T.);
#2021=ADVANCED_FACE('',(#227),#1899,.F.);
#2022=ADVANCED_FACE('',(#228),#1900,.F.);
#2023=ADVANCED_FACE('',(#229),#1901,.T.);
#2024=ADVANCED_FACE('',(#230),#1902,.T.);
#2025=ADVANCED_FACE('',(#231),#1903,.T.);
#2026=ADVANCED_FACE('',(#232),#1904,.T.);
#2027=ADVANCED_FACE('',(#233),#1905,.T.);
#2028=ADVANCED_FACE('',(#234),#1906,.T.);
#2029=ADVANCED_FACE('',(#235),#1907,.F.);
#2030=ADVANCED_FACE('',(#236),#1908,.F.);
#2031=ADVANCED_FACE('',(#237),#1909,.F.);
#2032=ADVANCED_FACE('',(#238),#1910,.F.);
#2033=ADVANCED_FACE('',(#239),#1911,.F.);
#2034=ADVANCED_FACE('',(#240),#1912,.F.);
#2035=ADVANCED_FACE('',(#241),#1913,.T.);
#2036=ADVANCED_FACE('',(#242),#1914,.T.);
#2037=ADVANCED_FACE('',(#243),#1915,.T.);
#2038=ADVANCED_FACE('',(#244),#1916,.T.);
#2039=ADVANCED_FACE('',(#245),#1917,.T.);
#2040=ADVANCED_FACE('',(#246),#1918,.T.);
#2041=ADVANCED_FACE('',(#247),#1919,.F.);
#2042=ADVANCED_FACE('',(#248),#1920,.F.);
#2043=ADVANCED_FACE('',(#249),#1921,.F.);
#2044=ADVANCED_FACE('',(#250),#1922,.F.);
#2045=ADVANCED_FACE('',(#251),#1923,.F.);
#2046=ADVANCED_FACE('',(#252),#1924,.F.);
#2047=ADVANCED_FACE('',(#253),#1925,.T.);
#2048=ADVANCED_FACE('',(#254),#1926,.T.);
#2049=ADVANCED_FACE('',(#255),#1927,.T.);
#2050=ADVANCED_FACE('',(#256),#1928,.T.);
#2051=ADVANCED_FACE('',(#257),#1929,.T.);
#2052=ADVANCED_FACE('',(#258),#1930,.T.);
#2053=ADVANCED_FACE('',(#259),#1931,.F.);
#2054=ADVANCED_FACE('',(#260),#1932,.F.);
#2055=ADVANCED_FACE('',(#261),#1933,.F.);
#2056=ADVANCED_FACE('',(#262),#1934,.F.);
#2057=ADVANCED_FACE('',(#263),#1935,.F.);
#2058=ADVANCED_FACE('',(#264),#1936,.F.);
#2059=ADVANCED_FACE('',(#265),#1937,.T.);
#2060=ADVANCED_FACE('',(#266),#1938,.T.);
#2061=ADVANCED_FACE('',(#267),#1939,.T.);
#2062=ADVANCED_FACE('',(#268),#1940,.T.);
#2063=ADVANCED_FACE('',(#269),#1941,.T.);
#2064=ADVANCED_FACE('',(#270),#1942,.T.);
#2065=ADVANCED_FACE('',(#271),#1943,.F.);
#2066=ADVANCED_FACE('',(#272),#1944,.F.);
#2067=ADVANCED_FACE('',(#273),#1945,.F.);
#2068=ADVANCED_FACE('',(#274),#1946,.F.);
#2069=ADVANCED_FACE('',(#275),#1947,.F.);
#2070=ADVANCED_FACE('',(#276),#1948,.T.);
#2071=ADVANCED_FACE('',(#277),#1949,.F.);
#2072=ADVANCED_FACE('',(#278),#1950,.F.);
#2073=ADVANCED_FACE('',(#279),#1951,.F.);
#2074=ADVANCED_FACE('',(#280),#1952,.F.);
#2075=ADVANCED_FACE('',(#281),#1953,.F.);
#2076=ADVANCED_FACE('',(#282),#1954,.T.);
#2077=ADVANCED_FACE('',(#283),#1955,.F.);
#2078=ADVANCED_FACE('',(#284),#1956,.F.);
#2079=ADVANCED_FACE('',(#285),#1957,.F.);
#2080=ADVANCED_FACE('',(#286),#1958,.F.);
#2081=ADVANCED_FACE('',(#287),#1959,.F.);
#2082=ADVANCED_FACE('',(#288),#1960,.F.);
#2083=ADVANCED_FACE('',(#289),#1961,.T.);
#2084=ADVANCED_FACE('',(#290),#1962,.T.);
#2085=ADVANCED_FACE('',(#291),#1963,.T.);
#2086=ADVANCED_FACE('',(#292),#1964,.T.);
#2087=ADVANCED_FACE('',(#293),#1965,.T.);
#2088=ADVANCED_FACE('',(#294),#1966,.F.);
#2089=ADVANCED_FACE('',(#295),#1967,.T.);
#2090=ADVANCED_FACE('',(#296),#1968,.T.);
#2091=ADVANCED_FACE('',(#297),#1969,.T.);
#2092=ADVANCED_FACE('',(#298),#1970,.T.);
#2093=ADVANCED_FACE('',(#299),#1971,.T.);
#2094=ADVANCED_FACE('',(#300),#1972,.T.);
#2095=ADVANCED_FACE('',(#301),#1973,.F.);
#2096=ADVANCED_FACE('',(#302),#1974,.F.);
#2097=ADVANCED_FACE('',(#303),#1975,.F.);
#2098=ADVANCED_FACE('',(#304),#1976,.F.);
#2099=ADVANCED_FACE('',(#305),#1977,.F.);
#2100=ADVANCED_FACE('',(#306),#1978,.T.);
#2101=ADVANCED_FACE('',(#307),#1979,.F.);
#2102=ADVANCED_FACE('',(#308),#1980,.F.);
#2103=ADVANCED_FACE('',(#309),#1981,.F.);
#2104=ADVANCED_FACE('',(#310),#1982,.F.);
#2105=ADVANCED_FACE('',(#311),#1983,.F.);
#2106=CLOSED_SHELL('',(#1984,#1985,#1986,#1987,#1988,#1989,#1990,#1991));
#2107=CLOSED_SHELL('',(#1992,#1993,#1994,#1995,#1996,#1997,#1998,#1999));
#2108=CLOSED_SHELL('',(#2000,#2001,#2002,#2003,#2004,#2005,#2006,#2007));
#2109=CLOSED_SHELL('',(#2008,#2009,#2010,#2011,#2012,#2013,#2014,#2015));
#2110=CLOSED_SHELL('',(#2016,#2017,#2018,#2019,#2020,#2021));
#2111=CLOSED_SHELL('',(#2022,#2023,#2024,#2025,#2026,#2027));
#2112=CLOSED_SHELL('',(#2028,#2029,#2030,#2031,#2032,#2033));
#2113=CLOSED_SHELL('',(#2034,#2035,#2036,#2037,#2038,#2039));
#2114=CLOSED_SHELL('',(#2040,#2041,#2042,#2043,#2044,#2045));
#2115=CLOSED_SHELL('',(#2046,#2047,#2048,#2049,#2050,#2051));
#2116=CLOSED_SHELL('',(#2052,#2053,#2054,#2055,#2056,#2057));
#2117=CLOSED_SHELL('',(#2058,#2059,#2060,#2061,#2062,#2063));
#2118=CLOSED_SHELL('',(#2064,#2065,#2066,#2067,#2068,#2069));
#2119=CLOSED_SHELL('',(#2070,#2071,#2072,#2073,#2074,#2075));
#2120=CLOSED_SHELL('',(#2076,#2077,#2078,#2079,#2080,#2081));
#2121=CLOSED_SHELL('',(#2082,#2083,#2084,#2085,#2086,#2087));
#2122=CLOSED_SHELL('',(#2088,#2089,#2090,#2091,#2092,#2093));
#2123=CLOSED_SHELL('',(#2094,#2095,#2096,#2097,#2098,#2099));
#2124=CLOSED_SHELL('',(#2100,#2101,#2102,#2103,#2104,#2105));
#2125=DERIVED_UNIT_ELEMENT(#2155,1.);
#2126=DERIVED_UNIT_ELEMENT(#3670,-3.);
#2127=DERIVED_UNIT_ELEMENT(#2155,1.);
#2128=DERIVED_UNIT_ELEMENT(#3670,-3.);
#2129=DERIVED_UNIT_ELEMENT(#2155,1.);
#2130=DERIVED_UNIT_ELEMENT(#3670,-3.);
#2131=DERIVED_UNIT_ELEMENT(#2155,1.);
#2132=DERIVED_UNIT_ELEMENT(#3670,-3.);
#2133=DERIVED_UNIT_ELEMENT(#2155,1.);
#2134=DERIVED_UNIT_ELEMENT(#3670,-3.);
#2135=DERIVED_UNIT_ELEMENT(#2155,1.);
#2136=DERIVED_UNIT_ELEMENT(#3670,-3.);
#2137=DERIVED_UNIT_ELEMENT(#2155,1.);
#2138=DERIVED_UNIT_ELEMENT(#3670,-3.);
#2139=DERIVED_UNIT_ELEMENT(#2155,1.);
#2140=DERIVED_UNIT_ELEMENT(#3670,-3.);
#2141=DERIVED_UNIT_ELEMENT(#2155,1.);
#2142=DERIVED_UNIT_ELEMENT(#3670,-3.);
#2143=DERIVED_UNIT_ELEMENT(#2155,1.);
#2144=DERIVED_UNIT_ELEMENT(#3670,-3.);
#2145=DERIVED_UNIT_ELEMENT(#2155,1.);
#2146=DERIVED_UNIT_ELEMENT(#3670,-3.);
#2147=DERIVED_UNIT_ELEMENT(#2155,1.);
#2148=DERIVED_UNIT_ELEMENT(#3670,-3.);
#2149=DERIVED_UNIT_ELEMENT(#2155,1.);
#2150=DERIVED_UNIT_ELEMENT(#3670,-3.);
#2151=DERIVED_UNIT_ELEMENT(#2155,1.);
#2152=DERIVED_UNIT_ELEMENT(#3670,-3.);
#2153=DERIVED_UNIT_ELEMENT(#2155,1.);
#2154=DERIVED_UNIT_ELEMENT(#3670,-3.);
#2155=(
MASS_UNIT()
NAMED_UNIT(*)
SI_UNIT(.KILO.,.GRAM.)
);
#2156=DERIVED_UNIT((#2125,#2126));
#2157=DERIVED_UNIT((#2127,#2128));
#2158=DERIVED_UNIT((#2129,#2130));
#2159=DERIVED_UNIT((#2131,#2132));
#2160=DERIVED_UNIT((#2133,#2134));
#2161=DERIVED_UNIT((#2135,#2136));
#2162=DERIVED_UNIT((#2137,#2138));
#2163=DERIVED_UNIT((#2139,#2140));
#2164=DERIVED_UNIT((#2141,#2142));
#2165=DERIVED_UNIT((#2143,#2144));
#2166=DERIVED_UNIT((#2145,#2146));
#2167=DERIVED_UNIT((#2147,#2148));
#2168=DERIVED_UNIT((#2149,#2150));
#2169=DERIVED_UNIT((#2151,#2152));
#2170=DERIVED_UNIT((#2153,#2154));
#2171=MEASURE_REPRESENTATION_ITEM('density measure',
POSITIVE_RATIO_MEASURE(7850.),#2156);
#2172=MEASURE_REPRESENTATION_ITEM('density measure',
POSITIVE_RATIO_MEASURE(7850.),#2157);
#2173=MEASURE_REPRESENTATION_ITEM('density measure',
POSITIVE_RATIO_MEASURE(7850.),#2158);
#2174=MEASURE_REPRESENTATION_ITEM('density measure',
POSITIVE_RATIO_MEASURE(7850.),#2159);
#2175=MEASURE_REPRESENTATION_ITEM('density measure',
POSITIVE_RATIO_MEASURE(7850.),#2160);
#2176=MEASURE_REPRESENTATION_ITEM('density measure',
POSITIVE_RATIO_MEASURE(7850.),#2161);
#2177=MEASURE_REPRESENTATION_ITEM('density measure',
POSITIVE_RATIO_MEASURE(7850.),#2162);
#2178=MEASURE_REPRESENTATION_ITEM('density measure',
POSITIVE_RATIO_MEASURE(7850.),#2163);
#2179=MEASURE_REPRESENTATION_ITEM('density measure',
POSITIVE_RATIO_MEASURE(7850.),#2164);
#2180=MEASURE_REPRESENTATION_ITEM('density measure',
POSITIVE_RATIO_MEASURE(7850.),#2165);
#2181=MEASURE_REPRESENTATION_ITEM('density measure',
POSITIVE_RATIO_MEASURE(7850.),#2166);
#2182=MEASURE_REPRESENTATION_ITEM('density measure',
POSITIVE_RATIO_MEASURE(7850.),#2167);
#2183=MEASURE_REPRESENTATION_ITEM('density measure',
POSITIVE_RATIO_MEASURE(7850.),#2168);
#2184=MEASURE_REPRESENTATION_ITEM('density measure',
POSITIVE_RATIO_MEASURE(7850.),#2169);
#2185=MEASURE_REPRESENTATION_ITEM('density measure',
POSITIVE_RATIO_MEASURE(7850.),#2170);
#2186=PROPERTY_DEFINITION_REPRESENTATION(#2261,#2216);
#2187=PROPERTY_DEFINITION_REPRESENTATION(#2262,#2217);
#2188=PROPERTY_DEFINITION_REPRESENTATION(#2263,#2218);
#2189=PROPERTY_DEFINITION_REPRESENTATION(#2264,#2219);
#2190=PROPERTY_DEFINITION_REPRESENTATION(#2265,#2220);
#2191=PROPERTY_DEFINITION_REPRESENTATION(#2266,#2221);
#2192=PROPERTY_DEFINITION_REPRESENTATION(#2267,#2222);
#2193=PROPERTY_DEFINITION_REPRESENTATION(#2268,#2223);
#2194=PROPERTY_DEFINITION_REPRESENTATION(#2269,#2224);
#2195=PROPERTY_DEFINITION_REPRESENTATION(#2270,#2225);
#2196=PROPERTY_DEFINITION_REPRESENTATION(#2271,#2226);
#2197=PROPERTY_DEFINITION_REPRESENTATION(#2272,#2227);
#2198=PROPERTY_DEFINITION_REPRESENTATION(#2273,#2228);
#2199=PROPERTY_DEFINITION_REPRESENTATION(#2274,#2229);
#2200=PROPERTY_DEFINITION_REPRESENTATION(#2275,#2230);
#2201=PROPERTY_DEFINITION_REPRESENTATION(#2276,#2231);
#2202=PROPERTY_DEFINITION_REPRESENTATION(#2277,#2232);
#2203=PROPERTY_DEFINITION_REPRESENTATION(#2278,#2233);
#2204=PROPERTY_DEFINITION_REPRESENTATION(#2279,#2234);
#2205=PROPERTY_DEFINITION_REPRESENTATION(#2280,#2235);
#2206=PROPERTY_DEFINITION_REPRESENTATION(#2281,#2236);
#2207=PROPERTY_DEFINITION_REPRESENTATION(#2282,#2237);
#2208=PROPERTY_DEFINITION_REPRESENTATION(#2283,#2238);
#2209=PROPERTY_DEFINITION_REPRESENTATION(#2284,#2239);
#2210=PROPERTY_DEFINITION_REPRESENTATION(#2285,#2240);
#2211=PROPERTY_DEFINITION_REPRESENTATION(#2286,#2241);
#2212=PROPERTY_DEFINITION_REPRESENTATION(#2287,#2242);
#2213=PROPERTY_DEFINITION_REPRESENTATION(#2288,#2243);
#2214=PROPERTY_DEFINITION_REPRESENTATION(#2289,#2244);
#2215=PROPERTY_DEFINITION_REPRESENTATION(#2290,#2245);
#2216=REPRESENTATION('material name',(#2246),#3650);
#2217=REPRESENTATION('density',(#2171),#3650);
#2218=REPRESENTATION('material name',(#2247),#3651);
#2219=REPRESENTATION('density',(#2172),#3651);
#2220=REPRESENTATION('material name',(#2248),#3652);
#2221=REPRESENTATION('density',(#2173),#3652);
#2222=REPRESENTATION('material name',(#2249),#3653);
#2223=REPRESENTATION('density',(#2174),#3653);
#2224=REPRESENTATION('material name',(#2250),#3655);
#2225=REPRESENTATION('density',(#2175),#3655);
#2226=REPRESENTATION('material name',(#2251),#3656);
#2227=REPRESENTATION('density',(#2176),#3656);
#2228=REPRESENTATION('material name',(#2252),#3657);
#2229=REPRESENTATION('density',(#2177),#3657);
#2230=REPRESENTATION('material name',(#2253),#3658);
#2231=REPRESENTATION('density',(#2178),#3658);
#2232=REPRESENTATION('material name',(#2254),#3659);
#2233=REPRESENTATION('density',(#2179),#3659);
#2234=REPRESENTATION('material name',(#2255),#3660);
#2235=REPRESENTATION('density',(#2180),#3660);
#2236=REPRESENTATION('material name',(#2256),#3662);
#2237=REPRESENTATION('density',(#2181),#3662);
#2238=REPRESENTATION('material name',(#2257),#3663);
#2239=REPRESENTATION('density',(#2182),#3663);
#2240=REPRESENTATION('material name',(#2258),#3664);
#2241=REPRESENTATION('density',(#2183),#3664);
#2242=REPRESENTATION('material name',(#2259),#3665);
#2243=REPRESENTATION('density',(#2184),#3665);
#2244=REPRESENTATION('material name',(#2260),#3667);
#2245=REPRESENTATION('density',(#2185),#3667);
#2246=DESCRIPTIVE_REPRESENTATION_ITEM('Steel','Steel');
#2247=DESCRIPTIVE_REPRESENTATION_ITEM('Steel','Steel');
#2248=DESCRIPTIVE_REPRESENTATION_ITEM('Steel','Steel');
#2249=DESCRIPTIVE_REPRESENTATION_ITEM('Steel','Steel');
#2250=DESCRIPTIVE_REPRESENTATION_ITEM('Steel','Steel');
#2251=DESCRIPTIVE_REPRESENTATION_ITEM('Steel','Steel');
#2252=DESCRIPTIVE_REPRESENTATION_ITEM('Steel','Steel');
#2253=DESCRIPTIVE_REPRESENTATION_ITEM('Steel','Steel');
#2254=DESCRIPTIVE_REPRESENTATION_ITEM('Steel','Steel');
#2255=DESCRIPTIVE_REPRESENTATION_ITEM('Steel','Steel');
#2256=DESCRIPTIVE_REPRESENTATION_ITEM('Steel','Steel');
#2257=DESCRIPTIVE_REPRESENTATION_ITEM('Steel','Steel');
#2258=DESCRIPTIVE_REPRESENTATION_ITEM('Steel','Steel');
#2259=DESCRIPTIVE_REPRESENTATION_ITEM('Steel','Steel');
#2260=DESCRIPTIVE_REPRESENTATION_ITEM('Steel','Steel');
#2261=PROPERTY_DEFINITION('material property','material name',#3759);
#2262=PROPERTY_DEFINITION('material property','density of part',#3759);
#2263=PROPERTY_DEFINITION('material property','material name',#3760);
#2264=PROPERTY_DEFINITION('material property','density of part',#3760);
#2265=PROPERTY_DEFINITION('material property','material name',#3761);
#2266=PROPERTY_DEFINITION('material property','density of part',#3761);
#2267=PROPERTY_DEFINITION('material property','material name',#3762);
#2268=PROPERTY_DEFINITION('material property','density of part',#3762);
#2269=PROPERTY_DEFINITION('material property','material name',#3764);
#2270=PROPERTY_DEFINITION('material property','density of part',#3764);
#2271=PROPERTY_DEFINITION('material property','material name',#3765);
#2272=PROPERTY_DEFINITION('material property','density of part',#3765);
#2273=PROPERTY_DEFINITION('material property','material name',#3766);
#2274=PROPERTY_DEFINITION('material property','density of part',#3766);
#2275=PROPERTY_DEFINITION('material property','material name',#3767);
#2276=PROPERTY_DEFINITION('material property','density of part',#3767);
#2277=PROPERTY_DEFINITION('material property','material name',#3768);
#2278=PROPERTY_DEFINITION('material property','density of part',#3768);
#2279=PROPERTY_DEFINITION('material property','material name',#3769);
#2280=PROPERTY_DEFINITION('material property','density of part',#3769);
#2281=PROPERTY_DEFINITION('material property','material name',#3771);
#2282=PROPERTY_DEFINITION('material property','density of part',#3771);
#2283=PROPERTY_DEFINITION('material property','material name',#3772);
#2284=PROPERTY_DEFINITION('material property','density of part',#3772);
#2285=PROPERTY_DEFINITION('material property','material name',#3773);
#2286=PROPERTY_DEFINITION('material property','density of part',#3773);
#2287=PROPERTY_DEFINITION('material property','material name',#3774);
#2288=PROPERTY_DEFINITION('material property','density of part',#3774);
#2289=PROPERTY_DEFINITION('material property','material name',#3776);
#2290=PROPERTY_DEFINITION('material property','density of part',#3776);
#2291=AXIS2_PLACEMENT_3D('',#3041,#2457,#2458);
#2292=AXIS2_PLACEMENT_3D('',#3042,#2459,#2460);
#2293=AXIS2_PLACEMENT_3D('',#3043,#2461,#2462);
#2294=AXIS2_PLACEMENT_3D('',#3044,#2463,#2464);
#2295=AXIS2_PLACEMENT_3D('',#3053,#2469,#2470);
#2296=AXIS2_PLACEMENT_3D('',#3059,#2474,#2475);
#2297=AXIS2_PLACEMENT_3D('',#3067,#2480,#2481);
#2298=AXIS2_PLACEMENT_3D('',#3071,#2484,#2485);
#2299=AXIS2_PLACEMENT_3D('',#3077,#2489,#2490);
#2300=AXIS2_PLACEMENT_3D('',#3080,#2493,#2494);
#2301=AXIS2_PLACEMENT_3D('',#3081,#2495,#2496);
#2302=AXIS2_PLACEMENT_3D('',#3082,#2497,#2498);
#2303=AXIS2_PLACEMENT_3D('',#3083,#2499,#2500);
#2304=AXIS2_PLACEMENT_3D('',#3092,#2505,#2506);
#2305=AXIS2_PLACEMENT_3D('',#3098,#2510,#2511);
#2306=AXIS2_PLACEMENT_3D('',#3106,#2516,#2517);
#2307=AXIS2_PLACEMENT_3D('',#3110,#2520,#2521);
#2308=AXIS2_PLACEMENT_3D('',#3116,#2525,#2526);
#2309=AXIS2_PLACEMENT_3D('',#3119,#2529,#2530);
#2310=AXIS2_PLACEMENT_3D('',#3120,#2531,#2532);
#2311=AXIS2_PLACEMENT_3D('',#3121,#2533,#2534);
#2312=AXIS2_PLACEMENT_3D('',#3122,#2535,#2536);
#2313=AXIS2_PLACEMENT_3D('',#3131,#2541,#2542);
#2314=AXIS2_PLACEMENT_3D('',#3137,#2546,#2547);
#2315=AXIS2_PLACEMENT_3D('',#3145,#2552,#2553);
#2316=AXIS2_PLACEMENT_3D('',#3149,#2556,#2557);
#2317=AXIS2_PLACEMENT_3D('',#3155,#2561,#2562);
#2318=AXIS2_PLACEMENT_3D('',#3158,#2565,#2566);
#2319=AXIS2_PLACEMENT_3D('',#3159,#2567,#2568);
#2320=AXIS2_PLACEMENT_3D('',#3160,#2569,#2570);
#2321=AXIS2_PLACEMENT_3D('',#3161,#2571,#2572);
#2322=AXIS2_PLACEMENT_3D('',#3170,#2577,#2578);
#2323=AXIS2_PLACEMENT_3D('',#3176,#2582,#2583);
#2324=AXIS2_PLACEMENT_3D('',#3184,#2588,#2589);
#2325=AXIS2_PLACEMENT_3D('',#3188,#2592,#2593);
#2326=AXIS2_PLACEMENT_3D('',#3194,#2597,#2598);
#2327=AXIS2_PLACEMENT_3D('',#3197,#2601,#2602);
#2328=AXIS2_PLACEMENT_3D('',#3198,#2603,#2604);
#2329=AXIS2_PLACEMENT_3D('',#3199,#2605,#2606);
#2330=AXIS2_PLACEMENT_3D('',#3200,#2607,#2608);
#2331=AXIS2_PLACEMENT_3D('',#3201,#2609,#2610);
#2332=AXIS2_PLACEMENT_3D('',#3202,#2611,#2612);
#2333=AXIS2_PLACEMENT_3D('',#3203,#2613,#2614);
#2334=AXIS2_PLACEMENT_3D('',#3204,#2615,#2616);
#2335=AXIS2_PLACEMENT_3D('',#3205,#2617,#2618);
#2336=AXIS2_PLACEMENT_3D('',#3214,#2623,#2624);
#2337=AXIS2_PLACEMENT_3D('',#3220,#2628,#2629);
#2338=AXIS2_PLACEMENT_3D('',#3226,#2633,#2634);
#2339=AXIS2_PLACEMENT_3D('',#3229,#2637,#2638);
#2340=AXIS2_PLACEMENT_3D('',#3230,#2639,#2640);
#2341=AXIS2_PLACEMENT_3D('',#3231,#2641,#2642);
#2342=AXIS2_PLACEMENT_3D('',#3232,#2643,#2644);
#2343=AXIS2_PLACEMENT_3D('',#3241,#2649,#2650);
#2344=AXIS2_PLACEMENT_3D('',#3250,#2655,#2656);
#2345=AXIS2_PLACEMENT_3D('',#3253,#2659,#2660);
#2346=AXIS2_PLACEMENT_3D('',#3255,#2662,#2663);
#2347=AXIS2_PLACEMENT_3D('',#3257,#2665,#2666);
#2348=AXIS2_PLACEMENT_3D('',#3258,#2667,#2668);
#2349=AXIS2_PLACEMENT_3D('',#3267,#2673,#2674);
#2350=AXIS2_PLACEMENT_3D('',#3276,#2679,#2680);
#2351=AXIS2_PLACEMENT_3D('',#3279,#2683,#2684);
#2352=AXIS2_PLACEMENT_3D('',#3281,#2686,#2687);
#2353=AXIS2_PLACEMENT_3D('',#3283,#2689,#2690);
#2354=AXIS2_PLACEMENT_3D('',#3284,#2691,#2692);
#2355=AXIS2_PLACEMENT_3D('',#3293,#2697,#2698);
#2356=AXIS2_PLACEMENT_3D('',#3302,#2703,#2704);
#2357=AXIS2_PLACEMENT_3D('',#3305,#2707,#2708);
#2358=AXIS2_PLACEMENT_3D('',#3307,#2710,#2711);
#2359=AXIS2_PLACEMENT_3D('',#3309,#2713,#2714);
#2360=AXIS2_PLACEMENT_3D('',#3310,#2715,#2716);
#2361=AXIS2_PLACEMENT_3D('',#3311,#2717,#2718);
#2362=AXIS2_PLACEMENT_3D('',#3320,#2723,#2724);
#2363=AXIS2_PLACEMENT_3D('',#3329,#2729,#2730);
#2364=AXIS2_PLACEMENT_3D('',#3332,#2733,#2734);
#2365=AXIS2_PLACEMENT_3D('',#3334,#2736,#2737);
#2366=AXIS2_PLACEMENT_3D('',#3336,#2739,#2740);
#2367=AXIS2_PLACEMENT_3D('',#3337,#2741,#2742);
#2368=AXIS2_PLACEMENT_3D('',#3346,#2747,#2748);
#2369=AXIS2_PLACEMENT_3D('',#3355,#2753,#2754);
#2370=AXIS2_PLACEMENT_3D('',#3358,#2757,#2758);
#2371=AXIS2_PLACEMENT_3D('',#3360,#2760,#2761);
#2372=AXIS2_PLACEMENT_3D('',#3362,#2763,#2764);
#2373=AXIS2_PLACEMENT_3D('',#3363,#2765,#2766);
#2374=AXIS2_PLACEMENT_3D('',#3372,#2771,#2772);
#2375=AXIS2_PLACEMENT_3D('',#3381,#2777,#2778);
#2376=AXIS2_PLACEMENT_3D('',#3384,#2781,#2782);
#2377=AXIS2_PLACEMENT_3D('',#3386,#2784,#2785);
#2378=AXIS2_PLACEMENT_3D('',#3388,#2787,#2788);
#2379=AXIS2_PLACEMENT_3D('',#3389,#2789,#2790);
#2380=AXIS2_PLACEMENT_3D('',#3390,#2791,#2792);
#2381=AXIS2_PLACEMENT_3D('',#3399,#2797,#2798);
#2382=AXIS2_PLACEMENT_3D('',#3408,#2803,#2804);
#2383=AXIS2_PLACEMENT_3D('',#3411,#2807,#2808);
#2384=AXIS2_PLACEMENT_3D('',#3413,#2810,#2811);
#2385=AXIS2_PLACEMENT_3D('',#3415,#2813,#2814);
#2386=AXIS2_PLACEMENT_3D('',#3416,#2815,#2816);
#2387=AXIS2_PLACEMENT_3D('',#3417,#2817,#2818);
#2388=AXIS2_PLACEMENT_3D('',#3426,#2823,#2824);
#2389=AXIS2_PLACEMENT_3D('',#3435,#2829,#2830);
#2390=AXIS2_PLACEMENT_3D('',#3438,#2833,#2834);
#2391=AXIS2_PLACEMENT_3D('',#3440,#2836,#2837);
#2392=AXIS2_PLACEMENT_3D('',#3442,#2839,#2840);
#2393=AXIS2_PLACEMENT_3D('',#3443,#2841,#2842);
#2394=AXIS2_PLACEMENT_3D('',#3444,#2843,#2844);
#2395=AXIS2_PLACEMENT_3D('',#3453,#2849,#2850);
#2396=AXIS2_PLACEMENT_3D('',#3462,#2855,#2856);
#2397=AXIS2_PLACEMENT_3D('',#3465,#2859,#2860);
#2398=AXIS2_PLACEMENT_3D('',#3467,#2862,#2863);
#2399=AXIS2_PLACEMENT_3D('',#3469,#2865,#2866);
#2400=AXIS2_PLACEMENT_3D('',#3470,#2867,#2868);
#2401=AXIS2_PLACEMENT_3D('',#3471,#2869,#2870);
#2402=AXIS2_PLACEMENT_3D('',#3472,#2871,#2872);
#2403=AXIS2_PLACEMENT_3D('',#3473,#2873,#2874);
#2404=AXIS2_PLACEMENT_3D('',#3474,#2875,#2876);
#2405=AXIS2_PLACEMENT_3D('',#3475,#2877,#2878);
#2406=AXIS2_PLACEMENT_3D('',#3476,#2879,#2880);
#2407=AXIS2_PLACEMENT_3D('',#3477,#2881,#2882);
#2408=AXIS2_PLACEMENT_3D('',#3478,#2883,#2884);
#2409=AXIS2_PLACEMENT_3D('',#3479,#2885,#2886);
#2410=AXIS2_PLACEMENT_3D('',#3480,#2887,#2888);
#2411=AXIS2_PLACEMENT_3D('',#3489,#2893,#2894);
#2412=AXIS2_PLACEMENT_3D('',#3498,#2899,#2900);
#2413=AXIS2_PLACEMENT_3D('',#3501,#2903,#2904);
#2414=AXIS2_PLACEMENT_3D('',#3503,#2906,#2907);
#2415=AXIS2_PLACEMENT_3D('',#3505,#2909,#2910);
#2416=AXIS2_PLACEMENT_3D('',#3506,#2911,#2912);
#2417=AXIS2_PLACEMENT_3D('',#3507,#2913,#2914);
#2418=AXIS2_PLACEMENT_3D('',#3516,#2919,#2920);
#2419=AXIS2_PLACEMENT_3D('',#3525,#2925,#2926);
#2420=AXIS2_PLACEMENT_3D('',#3528,#2929,#2930);
#2421=AXIS2_PLACEMENT_3D('',#3530,#2932,#2933);
#2422=AXIS2_PLACEMENT_3D('',#3532,#2935,#2936);
#2423=AXIS2_PLACEMENT_3D('',#3533,#2937,#2938);
#2424=AXIS2_PLACEMENT_3D('',#3534,#2939,#2940);
#2425=AXIS2_PLACEMENT_3D('',#3543,#2945,#2946);
#2426=AXIS2_PLACEMENT_3D('',#3552,#2951,#2952);
#2427=AXIS2_PLACEMENT_3D('',#3555,#2955,#2956);
#2428=AXIS2_PLACEMENT_3D('',#3557,#2958,#2959);
#2429=AXIS2_PLACEMENT_3D('',#3559,#2961,#2962);
#2430=AXIS2_PLACEMENT_3D('',#3560,#2963,#2964);
#2431=AXIS2_PLACEMENT_3D('',#3561,#2965,#2966);
#2432=AXIS2_PLACEMENT_3D('',#3570,#2971,#2972);
#2433=AXIS2_PLACEMENT_3D('',#3579,#2977,#2978);
#2434=AXIS2_PLACEMENT_3D('',#3582,#2981,#2982);
#2435=AXIS2_PLACEMENT_3D('',#3584,#2984,#2985);
#2436=AXIS2_PLACEMENT_3D('',#3586,#2987,#2988);
#2437=AXIS2_PLACEMENT_3D('',#3587,#2989,#2990);
#2438=AXIS2_PLACEMENT_3D('',#3588,#2991,#2992);
#2439=AXIS2_PLACEMENT_3D('',#3589,#2993,#2994);
#2440=AXIS2_PLACEMENT_3D('',#3598,#2999,#3000);
#2441=AXIS2_PLACEMENT_3D('',#3607,#3005,#3006);
#2442=AXIS2_PLACEMENT_3D('',#3610,#3009,#3010);
#2443=AXIS2_PLACEMENT_3D('',#3612,#3012,#3013);
#2444=AXIS2_PLACEMENT_3D('',#3614,#3015,#3016);
#2445=AXIS2_PLACEMENT_3D('',#3615,#3017,#3018);
#2446=AXIS2_PLACEMENT_3D('',#3616,#3019,#3020);
#2447=AXIS2_PLACEMENT_3D('',#3617,#3021,#3022);
#2448=AXIS2_PLACEMENT_3D('',#3618,#3023,#3024);
#2449=AXIS2_PLACEMENT_3D('',#3619,#3025,#3026);
#2450=AXIS2_PLACEMENT_3D('',#3620,#3027,#3028);
#2451=AXIS2_PLACEMENT_3D('',#3621,#3029,#3030);
#2452=AXIS2_PLACEMENT_3D('',#3622,#3031,#3032);
#2453=AXIS2_PLACEMENT_3D('',#3623,#3033,#3034);
#2454=AXIS2_PLACEMENT_3D('',#3624,#3035,#3036);
#2455=AXIS2_PLACEMENT_3D('',#3625,#3037,#3038);
#2456=AXIS2_PLACEMENT_3D('',#3626,#3039,#3040);
#2457=DIRECTION('axis',(0.,0.,1.));
#2458=DIRECTION('refdir',(1.,0.,0.));
#2459=DIRECTION('axis',(0.,0.,1.));
#2460=DIRECTION('refdir',(1.,0.,0.));
#2461=DIRECTION('axis',(0.,0.,1.));
#2462=DIRECTION('refdir',(1.,0.,0.));
#2463=DIRECTION('center_axis',(2.22044604925031E-16,1.,0.));
#2464=DIRECTION('ref_axis',(-1.,2.22044604925031E-16,0.));
#2465=DIRECTION('',(-1.,2.22044604925031E-16,0.));
#2466=DIRECTION('',(0.,0.,-1.));
#2467=DIRECTION('',(-1.,2.22044604925031E-16,0.));
#2468=DIRECTION('',(0.,0.,1.));
#2469=DIRECTION('center_axis',(0.,0.,1.));
#2470=DIRECTION('ref_axis',(-2.22044604925031E-16,-1.,0.));
#2471=DIRECTION('',(1.,-2.22044604925031E-16,0.));
#2472=DIRECTION('',(-2.22044604925031E-16,-1.,0.));
#2473=DIRECTION('',(2.22044604925031E-16,1.,0.));
#2474=DIRECTION('center_axis',(-1.,2.22044604925031E-16,0.));
#2475=DIRECTION('ref_axis',(-2.22044604925031E-16,-1.,0.));
#2476=DIRECTION('',(0.,0.,1.));
#2477=DIRECTION('',(-2.22044604925031E-16,-1.,0.));
#2478=DIRECTION('',(0.,0.,1.));
#2479=DIRECTION('',(2.22044604925031E-16,1.,0.));
#2480=DIRECTION('center_axis',(-2.22044604925031E-16,-1.,0.));
#2481=DIRECTION('ref_axis',(1.,-2.22044604925031E-16,0.));
#2482=DIRECTION('',(0.,0.,1.));
#2483=DIRECTION('',(1.,-2.22044604925031E-16,0.));
#2484=DIRECTION('center_axis',(2.22044604925031E-16,1.,0.));
#2485=DIRECTION('ref_axis',(-1.,2.22044604925031E-16,0.));
#2486=DIRECTION('',(1.,-2.22044604925031E-16,0.));
#2487=DIRECTION('',(-1.,2.22044604925031E-16,0.));
#2488=DIRECTION('',(0.,0.,1.));
#2489=DIRECTION('center_axis',(1.,-2.22044604925031E-16,0.));
#2490=DIRECTION('ref_axis',(2.22044604925031E-16,1.,0.));
#2491=DIRECTION('',(-2.22044604925031E-16,-1.,0.));
#2492=DIRECTION('',(2.22044604925031E-16,1.,0.));
#2493=DIRECTION('center_axis',(0.,0.,1.));
#2494=DIRECTION('ref_axis',(-2.22044604925031E-16,-1.,0.));
#2495=DIRECTION('center_axis',(0.,0.,1.));
#2496=DIRECTION('ref_axis',(-2.22044604925031E-16,-1.,0.));
#2497=DIRECTION('axis',(0.,0.,1.));
#2498=DIRECTION('refdir',(1.,0.,0.));
#2499=DIRECTION('center_axis',(-2.22044604925031E-16,-1.,0.));
#2500=DIRECTION('ref_axis',(-1.,2.22044604925031E-16,0.));
#2501=DIRECTION('',(-1.,2.22044604925031E-16,0.));
#2502=DIRECTION('',(0.,0.,-1.));
#2503=DIRECTION('',(-1.,2.22044604925031E-16,0.));
#2504=DIRECTION('',(0.,0.,1.));
#2505=DIRECTION('center_axis',(0.,0.,1.));
#2506=DIRECTION('ref_axis',(-2.22044604925031E-16,-1.,0.));
#2507=DIRECTION('',(1.,-2.22044604925031E-16,0.));
#2508=DIRECTION('',(2.22044604925031E-16,1.,0.));
#2509=DIRECTION('',(-2.22044604925031E-16,-1.,0.));
#2510=DIRECTION('center_axis',(1.,-2.22044604925031E-16,0.));
#2511=DIRECTION('ref_axis',(-2.22044604925031E-16,-1.,0.));
#2512=DIRECTION('',(2.22044604925031E-16,1.,0.));
#2513=DIRECTION('',(0.,0.,-1.));
#2514=DIRECTION('',(-2.22044604925031E-16,-1.,0.));
#2515=DIRECTION('',(0.,0.,-1.));
#2516=DIRECTION('center_axis',(2.22044604925031E-16,1.,0.));
#2517=DIRECTION('ref_axis',(1.,-2.22044604925031E-16,0.));
#2518=DIRECTION('',(1.,-2.22044604925031E-16,0.));
#2519=DIRECTION('',(0.,0.,-1.));
#2520=DIRECTION('center_axis',(-2.22044604925031E-16,-1.,0.));
#2521=DIRECTION('ref_axis',(-1.,2.22044604925031E-16,0.));
#2522=DIRECTION('',(1.,-2.22044604925031E-16,0.));
#2523=DIRECTION('',(0.,0.,-1.));
#2524=DIRECTION('',(-1.,2.22044604925031E-16,0.));
#2525=DIRECTION('center_axis',(-1.,2.22044604925031E-16,0.));
#2526=DIRECTION('ref_axis',(2.22044604925031E-16,1.,0.));
#2527=DIRECTION('',(2.22044604925031E-16,1.,0.));
#2528=DIRECTION('',(-2.22044604925031E-16,-1.,0.));
#2529=DIRECTION('center_axis',(0.,0.,1.));
#2530=DIRECTION('ref_axis',(-2.22044604925031E-16,-1.,0.));
#2531=DIRECTION('center_axis',(0.,0.,1.));
#2532=DIRECTION('ref_axis',(-2.22044604925031E-16,-1.,0.));
#2533=DIRECTION('axis',(0.,0.,1.));
#2534=DIRECTION('refdir',(1.,0.,0.));
#2535=DIRECTION('center_axis',(-2.22044604925031E-16,-1.,0.));
#2536=DIRECTION('ref_axis',(-1.,2.22044604925031E-16,0.));
#2537=DIRECTION('',(-1.,2.22044604925031E-16,0.));
#2538=DIRECTION('',(0.,0.,-1.));
#2539=DIRECTION('',(-1.,2.22044604925031E-16,0.));
#2540=DIRECTION('',(0.,0.,1.));
#2541=DIRECTION('center_axis',(0.,0.,1.));
#2542=DIRECTION('ref_axis',(-2.22044604925031E-16,-1.,0.));
#2543=DIRECTION('',(1.,-2.22044604925031E-16,0.));
#2544=DIRECTION('',(2.22044604925031E-16,1.,0.));
#2545=DIRECTION('',(-2.22044604925031E-16,-1.,0.));
#2546=DIRECTION('center_axis',(1.,-2.22044604925031E-16,0.));
#2547=DIRECTION('ref_axis',(-2.22044604925031E-16,-1.,0.));
#2548=DIRECTION('',(2.22044604925031E-16,1.,0.));
#2549=DIRECTION('',(0.,0.,-1.));
#2550=DIRECTION('',(-2.22044604925031E-16,-1.,0.));
#2551=DIRECTION('',(0.,0.,-1.));
#2552=DIRECTION('center_axis',(2.22044604925031E-16,1.,0.));
#2553=DIRECTION('ref_axis',(1.,-2.22044604925031E-16,0.));
#2554=DIRECTION('',(1.,-2.22044604925031E-16,0.));
#2555=DIRECTION('',(0.,0.,-1.));
#2556=DIRECTION('center_axis',(-2.22044604925031E-16,-1.,0.));
#2557=DIRECTION('ref_axis',(-1.,2.22044604925031E-16,0.));
#2558=DIRECTION('',(1.,-2.22044604925031E-16,0.));
#2559=DIRECTION('',(0.,0.,-1.));
#2560=DIRECTION('',(-1.,2.22044604925031E-16,0.));
#2561=DIRECTION('center_axis',(-1.,2.22044604925031E-16,0.));
#2562=DIRECTION('ref_axis',(2.22044604925031E-16,1.,0.));
#2563=DIRECTION('',(2.22044604925031E-16,1.,0.));
#2564=DIRECTION('',(-2.22044604925031E-16,-1.,0.));
#2565=DIRECTION('center_axis',(0.,0.,1.));
#2566=DIRECTION('ref_axis',(-2.22044604925031E-16,-1.,0.));
#2567=DIRECTION('center_axis',(0.,0.,1.));
#2568=DIRECTION('ref_axis',(-2.22044604925031E-16,-1.,0.));
#2569=DIRECTION('axis',(0.,0.,1.));
#2570=DIRECTION('refdir',(1.,0.,0.));
#2571=DIRECTION('center_axis',(2.22044604925031E-16,1.,0.));
#2572=DIRECTION('ref_axis',(-1.,2.22044604925031E-16,0.));
#2573=DIRECTION('',(-1.,2.22044604925031E-16,0.));
#2574=DIRECTION('',(0.,0.,-1.));
#2575=DIRECTION('',(-1.,2.22044604925031E-16,0.));
#2576=DIRECTION('',(0.,0.,1.));
#2577=DIRECTION('center_axis',(0.,0.,1.));
#2578=DIRECTION('ref_axis',(-2.22044604925031E-16,-1.,0.));
#2579=DIRECTION('',(1.,-2.22044604925031E-16,0.));
#2580=DIRECTION('',(-2.22044604925031E-16,-1.,0.));
#2581=DIRECTION('',(2.22044604925031E-16,1.,0.));
#2582=DIRECTION('center_axis',(-1.,2.22044604925031E-16,0.));
#2583=DIRECTION('ref_axis',(-2.22044604925031E-16,-1.,0.));
#2584=DIRECTION('',(0.,0.,1.));
#2585=DIRECTION('',(-2.22044604925031E-16,-1.,0.));
#2586=DIRECTION('',(0.,0.,1.));
#2587=DIRECTION('',(2.22044604925031E-16,1.,0.));
#2588=DIRECTION('center_axis',(-2.22044604925031E-16,-1.,0.));
#2589=DIRECTION('ref_axis',(1.,-2.22044604925031E-16,0.));
#2590=DIRECTION('',(0.,0.,1.));
#2591=DIRECTION('',(1.,-2.22044604925031E-16,0.));
#2592=DIRECTION('center_axis',(2.22044604925031E-16,1.,0.));
#2593=DIRECTION('ref_axis',(-1.,2.22044604925031E-16,0.));
#2594=DIRECTION('',(1.,-2.22044604925031E-16,0.));
#2595=DIRECTION('',(-1.,2.22044604925031E-16,0.));
#2596=DIRECTION('',(0.,0.,1.));
#2597=DIRECTION('center_axis',(1.,-2.22044604925031E-16,0.));
#2598=DIRECTION('ref_axis',(2.22044604925031E-16,1.,0.));
#2599=DIRECTION('',(-2.22044604925031E-16,-1.,0.));
#2600=DIRECTION('',(2.22044604925031E-16,1.,0.));
#2601=DIRECTION('center_axis',(0.,0.,1.));
#2602=DIRECTION('ref_axis',(-2.22044604925031E-16,-1.,0.));
#2603=DIRECTION('center_axis',(0.,0.,1.));
#2604=DIRECTION('ref_axis',(-2.22044604925031E-16,-1.,0.));
#2605=DIRECTION('',(0.,0.,1.));
#2606=DIRECTION('',(1.,0.,0.));
#2607=DIRECTION('',(0.,0.,-1.));
#2608=DIRECTION('',(-1.,1.22464679914735E-16,0.));
#2609=DIRECTION('',(0.,0.,-1.));
#2610=DIRECTION('',(1.,0.,0.));
#2611=DIRECTION('',(0.,0.,1.));
#2612=DIRECTION('',(-1.,1.22464679914735E-16,0.));
#2613=DIRECTION('axis',(0.,0.,1.));
#2614=DIRECTION('refdir',(1.,0.,0.));
#2615=DIRECTION('axis',(0.,0.,1.));
#2616=DIRECTION('refdir',(1.,0.,0.));
#2617=DIRECTION('center_axis',(-1.,0.,0.));
#2618=DIRECTION('ref_axis',(0.,-1.,0.));
#2619=DIRECTION('',(0.,1.,0.));
#2620=DIRECTION('',(0.,0.,1.));
#2621=DIRECTION('',(0.,-1.,0.));
#2622=DIRECTION('',(0.,0.,1.));
#2623=DIRECTION('center_axis',(3.94745964311167E-17,1.,0.));
#2624=DIRECTION('ref_axis',(-1.,3.94745964311167E-17,0.));
#2625=DIRECTION('',(1.,-3.94745964311167E-17,0.));
#2626=DIRECTION('',(-1.,3.94745964311167E-17,0.));
#2627=DIRECTION('',(0.,0.,1.));
#2628=DIRECTION('center_axis',(1.,0.,0.));
#2629=DIRECTION('ref_axis',(0.,1.,0.));
#2630=DIRECTION('',(0.,-1.,0.));
#2631=DIRECTION('',(0.,1.,0.));
#2632=DIRECTION('',(0.,0.,1.));
#2633=DIRECTION('center_axis',(0.,-1.,0.));
#2634=DIRECTION('ref_axis',(1.,0.,0.));
#2635=DIRECTION('',(-1.,0.,0.));
#2636=DIRECTION('',(1.,0.,0.));
#2637=DIRECTION('center_axis',(0.,0.,1.));
#2638=DIRECTION('ref_axis',(1.,0.,0.));
#2639=DIRECTION('center_axis',(0.,0.,1.));
#2640=DIRECTION('ref_axis',(1.,0.,0.));
#2641=DIRECTION('axis',(0.,0.,1.));
#2642=DIRECTION('refdir',(1.,0.,0.));
#2643=DIRECTION('center_axis',(1.,0.,0.));
#2644=DIRECTION('ref_axis',(0.,0.,1.));
#2645=DIRECTION('',(0.,-1.,0.));
#2646=DIRECTION('',(0.,0.,1.));
#2647=DIRECTION('',(0.,1.,0.));
#2648=DIRECTION('',(0.,0.,-1.));
#2649=DIRECTION('center_axis',(1.,0.,0.));
#2650=DIRECTION('ref_axis',(0.,0.,1.));
#2651=DIRECTION('',(0.,1.,0.));
#2652=DIRECTION('',(0.,0.,1.));
#2653=DIRECTION('',(0.,-1.,0.));
#2654=DIRECTION('',(0.,0.,-1.));
#2655=DIRECTION('center_axis',(0.,1.,0.));
#2656=DIRECTION('ref_axis',(-1.,0.,0.));
#2657=DIRECTION('',(1.,0.,0.));
#2658=DIRECTION('',(1.,0.,0.));
#2659=DIRECTION('center_axis',(0.,0.,-1.));
#2660=DIRECTION('ref_axis',(1.,0.,0.));
#2661=DIRECTION('',(1.,0.,0.));
#2662=DIRECTION('center_axis',(0.,-1.,0.));
#2663=DIRECTION('ref_axis',(1.,0.,0.));
#2664=DIRECTION('',(1.,0.,0.));
#2665=DIRECTION('center_axis',(0.,0.,1.));
#2666=DIRECTION('ref_axis',(-1.,0.,0.));
#2667=DIRECTION('center_axis',(1.,0.,0.));
#2668=DIRECTION('ref_axis',(0.,0.,1.));
#2669=DIRECTION('',(0.,-1.,0.));
#2670=DIRECTION('',(0.,0.,-1.));
#2671=DIRECTION('',(0.,1.,0.));
#2672=DIRECTION('',(0.,0.,1.));
#2673=DIRECTION('center_axis',(1.,0.,0.));
#2674=DIRECTION('ref_axis',(0.,0.,1.));
#2675=DIRECTION('',(0.,1.,0.));
#2676=DIRECTION('',(0.,0.,-1.));
#2677=DIRECTION('',(0.,-1.,0.));
#2678=DIRECTION('',(0.,0.,1.));
#2679=DIRECTION('center_axis',(0.,-1.,0.));
#2680=DIRECTION('ref_axis',(1.,0.,0.));
#2681=DIRECTION('',(-1.,0.,0.));
#2682=DIRECTION('',(-1.,0.,0.));
#2683=DIRECTION('center_axis',(0.,0.,1.));
#2684=DIRECTION('ref_axis',(-1.,0.,0.));
#2685=DIRECTION('',(-1.,0.,0.));
#2686=DIRECTION('center_axis',(0.,1.,0.));
#2687=DIRECTION('ref_axis',(-1.,0.,0.));
#2688=DIRECTION('',(-1.,0.,0.));
#2689=DIRECTION('center_axis',(0.,0.,-1.));
#2690=DIRECTION('ref_axis',(1.,0.,0.));
#2691=DIRECTION('center_axis',(1.,0.,0.));
#2692=DIRECTION('ref_axis',(0.,0.,1.));
#2693=DIRECTION('',(0.,-1.,0.));
#2694=DIRECTION('',(0.,0.,1.));
#2695=DIRECTION('',(0.,1.,0.));
#2696=DIRECTION('',(0.,0.,-1.));
#2697=DIRECTION('center_axis',(1.,0.,0.));
#2698=DIRECTION('ref_axis',(0.,0.,1.));
#2699=DIRECTION('',(0.,1.,0.));
#2700=DIRECTION('',(0.,0.,1.));
#2701=DIRECTION('',(0.,-1.,0.));
#2702=DIRECTION('',(0.,0.,-1.));
#2703=DIRECTION('center_axis',(0.,1.,0.));
#2704=DIRECTION('ref_axis',(-1.,0.,0.));
#2705=DIRECTION('',(1.,0.,0.));
#2706=DIRECTION('',(1.,0.,0.));
#2707=DIRECTION('center_axis',(0.,0.,-1.));
#2708=DIRECTION('ref_axis',(1.,0.,0.));
#2709=DIRECTION('',(1.,0.,0.));
#2710=DIRECTION('center_axis',(0.,-1.,0.));
#2711=DIRECTION('ref_axis',(1.,0.,0.));
#2712=DIRECTION('',(1.,0.,0.));
#2713=DIRECTION('center_axis',(0.,0.,1.));
#2714=DIRECTION('ref_axis',(-1.,0.,0.));
#2715=DIRECTION('axis',(0.,0.,1.));
#2716=DIRECTION('refdir',(1.,0.,0.));
#2717=DIRECTION('center_axis',(-1.,0.,0.));
#2718=DIRECTION('ref_axis',(0.,0.,-1.));
#2719=DIRECTION('',(0.,-1.,0.));
#2720=DIRECTION('',(0.,0.,1.));
#2721=DIRECTION('',(0.,1.,0.));
#2722=DIRECTION('',(0.,0.,-1.));
#2723=DIRECTION('center_axis',(-1.,0.,0.));
#2724=DIRECTION('ref_axis',(0.,0.,-1.));
#2725=DIRECTION('',(0.,1.,0.));
#2726=DIRECTION('',(0.,0.,1.));
#2727=DIRECTION('',(0.,-1.,0.));
#2728=DIRECTION('',(0.,0.,-1.));
#2729=DIRECTION('center_axis',(0.,-1.,0.));
#2730=DIRECTION('ref_axis',(-1.,0.,0.));
#2731=DIRECTION('',(1.,0.,0.));
#2732=DIRECTION('',(1.,0.,0.));
#2733=DIRECTION('center_axis',(0.,0.,-1.));
#2734=DIRECTION('ref_axis',(1.,0.,0.));
#2735=DIRECTION('',(1.,0.,0.));
#2736=DIRECTION('center_axis',(0.,1.,0.));
#2737=DIRECTION('ref_axis',(1.,0.,0.));
#2738=DIRECTION('',(1.,0.,0.));
#2739=DIRECTION('center_axis',(0.,0.,1.));
#2740=DIRECTION('ref_axis',(-1.,0.,0.));
#2741=DIRECTION('center_axis',(-1.,0.,0.));
#2742=DIRECTION('ref_axis',(0.,0.,-1.));
#2743=DIRECTION('',(0.,-1.,0.));
#2744=DIRECTION('',(0.,0.,-1.));
#2745=DIRECTION('',(0.,1.,0.));
#2746=DIRECTION('',(0.,0.,1.));
#2747=DIRECTION('center_axis',(-1.,0.,0.));
#2748=DIRECTION('ref_axis',(0.,0.,-1.));
#2749=DIRECTION('',(0.,1.,0.));
#2750=DIRECTION('',(0.,0.,-1.));
#2751=DIRECTION('',(0.,-1.,0.));
#2752=DIRECTION('',(0.,0.,1.));
#2753=DIRECTION('center_axis',(0.,1.,0.));
#2754=DIRECTION('ref_axis',(1.,0.,0.));
#2755=DIRECTION('',(-1.,0.,0.));
#2756=DIRECTION('',(-1.,0.,0.));
#2757=DIRECTION('center_axis',(0.,0.,1.));
#2758=DIRECTION('ref_axis',(-1.,0.,0.));
#2759=DIRECTION('',(-1.,0.,0.));
#2760=DIRECTION('center_axis',(0.,-1.,0.));
#2761=DIRECTION('ref_axis',(-1.,0.,0.));
#2762=DIRECTION('',(-1.,0.,0.));
#2763=DIRECTION('center_axis',(0.,0.,-1.));
#2764=DIRECTION('ref_axis',(1.,0.,0.));
#2765=DIRECTION('center_axis',(-1.,0.,0.));
#2766=DIRECTION('ref_axis',(0.,0.,-1.));
#2767=DIRECTION('',(0.,-1.,0.));
#2768=DIRECTION('',(0.,0.,1.));
#2769=DIRECTION('',(0.,1.,0.));
#2770=DIRECTION('',(0.,0.,-1.));
#2771=DIRECTION('center_axis',(-1.,0.,0.));
#2772=DIRECTION('ref_axis',(0.,0.,-1.));
#2773=DIRECTION('',(0.,1.,0.));
#2774=DIRECTION('',(0.,0.,1.));
#2775=DIRECTION('',(0.,-1.,0.));
#2776=DIRECTION('',(0.,0.,-1.));
#2777=DIRECTION('center_axis',(0.,-1.,0.));
#2778=DIRECTION('ref_axis',(-1.,0.,0.));
#2779=DIRECTION('',(1.,0.,0.));
#2780=DIRECTION('',(1.,0.,0.));
#2781=DIRECTION('center_axis',(0.,0.,-1.));
#2782=DIRECTION('ref_axis',(1.,0.,0.));
#2783=DIRECTION('',(1.,0.,0.));
#2784=DIRECTION('center_axis',(0.,1.,0.));
#2785=DIRECTION('ref_axis',(1.,0.,0.));
#2786=DIRECTION('',(1.,0.,0.));
#2787=DIRECTION('center_axis',(0.,0.,1.));
#2788=DIRECTION('ref_axis',(-1.,0.,0.));
#2789=DIRECTION('axis',(0.,0.,1.));
#2790=DIRECTION('refdir',(1.,0.,0.));
#2791=DIRECTION('center_axis',(0.,1.,0.));
#2792=DIRECTION('ref_axis',(0.,0.,1.));
#2793=DIRECTION('',(1.,0.,0.));
#2794=DIRECTION('',(0.,0.,1.));
#2795=DIRECTION('',(-1.,0.,0.));
#2796=DIRECTION('',(0.,0.,-1.));
#2797=DIRECTION('center_axis',(0.,1.,0.));
#2798=DIRECTION('ref_axis',(0.,0.,1.));
#2799=DIRECTION('',(-1.,0.,0.));
#2800=DIRECTION('',(0.,0.,1.));
#2801=DIRECTION('',(1.,0.,0.));
#2802=DIRECTION('',(0.,0.,-1.));
#2803=DIRECTION('center_axis',(-1.,0.,0.));
#2804=DIRECTION('ref_axis',(0.,-1.,0.));
#2805=DIRECTION('',(0.,1.,0.));
#2806=DIRECTION('',(0.,1.,0.));
#2807=DIRECTION('center_axis',(0.,0.,-1.));
#2808=DIRECTION('ref_axis',(0.,1.,0.));
#2809=DIRECTION('',(0.,1.,0.));
#2810=DIRECTION('center_axis',(1.,0.,0.));
#2811=DIRECTION('ref_axis',(0.,1.,0.));
#2812=DIRECTION('',(0.,1.,0.));
#2813=DIRECTION('center_axis',(0.,0.,1.));
#2814=DIRECTION('ref_axis',(0.,-1.,0.));
#2815=DIRECTION('axis',(0.,0.,1.));
#2816=DIRECTION('refdir',(1.,0.,0.));
#2817=DIRECTION('center_axis',(0.,-1.,0.));
#2818=DIRECTION('ref_axis',(0.,0.,-1.));
#2819=DIRECTION('',(1.,0.,0.));
#2820=DIRECTION('',(0.,0.,1.));
#2821=DIRECTION('',(-1.,0.,0.));
#2822=DIRECTION('',(0.,0.,-1.));
#2823=DIRECTION('center_axis',(0.,-1.,0.));
#2824=DIRECTION('ref_axis',(0.,0.,-1.));
#2825=DIRECTION('',(-1.,0.,0.));
#2826=DIRECTION('',(0.,0.,1.));
#2827=DIRECTION('',(1.,0.,0.));
#2828=DIRECTION('',(0.,0.,-1.));
#2829=DIRECTION('center_axis',(1.,0.,0.));
#2830=DIRECTION('ref_axis',(0.,-1.,0.));
#2831=DIRECTION('',(0.,1.,0.));
#2832=DIRECTION('',(0.,1.,0.));
#2833=DIRECTION('center_axis',(0.,0.,-1.));
#2834=DIRECTION('ref_axis',(0.,1.,0.));
#2835=DIRECTION('',(0.,1.,0.));
#2836=DIRECTION('center_axis',(-1.,0.,0.));
#2837=DIRECTION('ref_axis',(0.,1.,0.));
#2838=DIRECTION('',(0.,1.,0.));
#2839=DIRECTION('center_axis',(0.,0.,1.));
#2840=DIRECTION('ref_axis',(0.,-1.,0.));
#2841=DIRECTION('axis',(0.,0.,1.));
#2842=DIRECTION('refdir',(1.,0.,0.));
#2843=DIRECTION('center_axis',(0.,0.,1.));
#2844=DIRECTION('ref_axis',(0.,1.,0.));
#2845=DIRECTION('',(-1.,0.,0.));
#2846=DIRECTION('',(0.,-1.,0.));
#2847=DIRECTION('',(1.,0.,0.));
#2848=DIRECTION('',(0.,1.,0.));
#2849=DIRECTION('center_axis',(0.,0.,1.));
#2850=DIRECTION('ref_axis',(0.,1.,0.));
#2851=DIRECTION('',(1.,0.,0.));
#2852=DIRECTION('',(0.,-1.,0.));
#2853=DIRECTION('',(-1.,0.,0.));
#2854=DIRECTION('',(0.,1.,0.));
#2855=DIRECTION('center_axis',(-1.,0.,0.));
#2856=DIRECTION('ref_axis',(0.,0.,1.));
#2857=DIRECTION('',(0.,0.,-1.));
#2858=DIRECTION('',(0.,0.,-1.));
#2859=DIRECTION('center_axis',(0.,1.,0.));
#2860=DIRECTION('ref_axis',(0.,0.,-1.));
#2861=DIRECTION('',(0.,0.,-1.));
#2862=DIRECTION('center_axis',(1.,0.,0.));
#2863=DIRECTION('ref_axis',(0.,0.,-1.));
#2864=DIRECTION('',(0.,0.,-1.));
#2865=DIRECTION('center_axis',(0.,-1.,0.));
#2866=DIRECTION('ref_axis',(0.,0.,1.));
#2867=DIRECTION('',(0.,0.,1.));
#2868=DIRECTION('',(1.,0.,0.));
#2869=DIRECTION('',(0.,0.,-1.));
#2870=DIRECTION('',(-1.,1.22464679914735E-16,0.));
#2871=DIRECTION('',(0.,0.,1.));
#2872=DIRECTION('',(1.,0.,0.));
#2873=DIRECTION('',(0.,0.,-1.));
#2874=DIRECTION('',(1.,0.,0.));
#2875=DIRECTION('',(0.,0.,1.));
#2876=DIRECTION('',(1.,0.,0.));
#2877=DIRECTION('',(1.22464679914735E-16,-1.49975978266186E-32,1.));
#2878=DIRECTION('',(1.,0.,-1.22464679914735E-16));
#2879=DIRECTION('',(1.22464679914735E-16,-1.49975978266186E-32,1.));
#2880=DIRECTION('',(1.,0.,-1.22464679914735E-16));
#2881=DIRECTION('',(1.22464679914735E-16,-1.49975978266186E-32,1.));
#2882=DIRECTION('',(1.,0.,-1.22464679914735E-16));
#2883=DIRECTION('axis',(0.,0.,1.));
#2884=DIRECTION('refdir',(1.,0.,0.));
#2885=DIRECTION('axis',(0.,0.,1.));
#2886=DIRECTION('refdir',(1.,0.,0.));
#2887=DIRECTION('center_axis',(4.61945943812565E-17,-1.,0.));
#2888=DIRECTION('ref_axis',(0.,0.,-1.));
#2889=DIRECTION('',(1.,4.61945943812565E-17,0.));
#2890=DIRECTION('',(0.,0.,1.));
#2891=DIRECTION('',(-1.,-4.61945943812565E-17,0.));
#2892=DIRECTION('',(0.,0.,-1.));
#2893=DIRECTION('center_axis',(4.61945943812565E-17,-1.,0.));
#2894=DIRECTION('ref_axis',(0.,0.,-1.));
#2895=DIRECTION('',(-1.,-4.61945943812565E-17,0.));
#2896=DIRECTION('',(0.,0.,1.));
#2897=DIRECTION('',(1.,4.61945943812565E-17,0.));
#2898=DIRECTION('',(0.,0.,-1.));
#2899=DIRECTION('center_axis',(1.,4.61945943812565E-17,0.));
#2900=DIRECTION('ref_axis',(4.61945943812565E-17,-1.,0.));
#2901=DIRECTION('',(-4.61945943812565E-17,1.,0.));
#2902=DIRECTION('',(-4.61945943812565E-17,1.,0.));
#2903=DIRECTION('center_axis',(0.,0.,-1.));
#2904=DIRECTION('ref_axis',(-4.61945943812565E-17,1.,0.));
#2905=DIRECTION('',(-4.61945943812565E-17,1.,0.));
#2906=DIRECTION('center_axis',(-1.,-4.61945943812565E-17,0.));
#2907=DIRECTION('ref_axis',(-4.61945943812565E-17,1.,0.));
#2908=DIRECTION('',(-4.61945943812565E-17,1.,0.));
#2909=DIRECTION('center_axis',(0.,0.,1.));
#2910=DIRECTION('ref_axis',(4.61945943812565E-17,-1.,0.));
#2911=DIRECTION('axis',(0.,0.,1.));
#2912=DIRECTION('refdir',(1.,0.,0.));
#2913=DIRECTION('center_axis',(1.,-5.27698598124303E-17,0.));
#2914=DIRECTION('ref_axis',(0.,0.,-1.));
#2915=DIRECTION('',(5.27698598124303E-17,1.,0.));
#2916=DIRECTION('',(0.,0.,-1.));
#2917=DIRECTION('',(-5.27698598124303E-17,-1.,0.));
#2918=DIRECTION('',(0.,0.,1.));
#2919=DIRECTION('center_axis',(1.,-5.27698598124303E-17,0.));
#2920=DIRECTION('ref_axis',(0.,0.,-1.));
#2921=DIRECTION('',(-5.27698598124303E-17,-1.,0.));
#2922=DIRECTION('',(0.,0.,-1.));
#2923=DIRECTION('',(5.27698598124303E-17,1.,0.));
#2924=DIRECTION('',(0.,0.,1.));
#2925=DIRECTION('center_axis',(-5.27698598124303E-17,-1.,0.));
#2926=DIRECTION('ref_axis',(-1.,5.27698598124303E-17,0.));
#2927=DIRECTION('',(1.,-5.27698598124303E-17,0.));
#2928=DIRECTION('',(1.,-5.27698598124303E-17,0.));
#2929=DIRECTION('center_axis',(0.,0.,1.));
#2930=DIRECTION('ref_axis',(1.,-5.27698598124303E-17,0.));
#2931=DIRECTION('',(1.,-5.27698598124303E-17,0.));
#2932=DIRECTION('center_axis',(5.27698598124303E-17,1.,0.));
#2933=DIRECTION('ref_axis',(1.,-5.27698598124303E-17,0.));
#2934=DIRECTION('',(1.,-5.27698598124303E-17,0.));
#2935=DIRECTION('center_axis',(0.,0.,-1.));
#2936=DIRECTION('ref_axis',(-1.,5.27698598124303E-17,0.));
#2937=DIRECTION('axis',(0.,0.,1.));
#2938=DIRECTION('refdir',(1.,0.,0.));
#2939=DIRECTION('center_axis',(-4.61945943812565E-17,1.,0.));
#2940=DIRECTION('ref_axis',(0.,0.,1.));
#2941=DIRECTION('',(1.,4.61945943812565E-17,0.));
#2942=DIRECTION('',(0.,0.,1.));
#2943=DIRECTION('',(-1.,-4.61945943812565E-17,0.));
#2944=DIRECTION('',(0.,0.,-1.));
#2945=DIRECTION('center_axis',(-4.61945943812565E-17,1.,0.));
#2946=DIRECTION('ref_axis',(0.,0.,1.));
#2947=DIRECTION('',(-1.,-4.61945943812565E-17,0.));
#2948=DIRECTION('',(0.,0.,1.));
#2949=DIRECTION('',(1.,4.61945943812565E-17,0.));
#2950=DIRECTION('',(0.,0.,-1.));
#2951=DIRECTION('center_axis',(-1.,-4.61945943812565E-17,0.));
#2952=DIRECTION('ref_axis',(4.61945943812565E-17,-1.,0.));
#2953=DIRECTION('',(-4.61945943812565E-17,1.,0.));
#2954=DIRECTION('',(-4.61945943812565E-17,1.,0.));
#2955=DIRECTION('center_axis',(0.,0.,-1.));
#2956=DIRECTION('ref_axis',(-4.61945943812565E-17,1.,0.));
#2957=DIRECTION('',(-4.61945943812565E-17,1.,0.));
#2958=DIRECTION('center_axis',(1.,4.61945943812565E-17,0.));
#2959=DIRECTION('ref_axis',(-4.61945943812565E-17,1.,0.));
#2960=DIRECTION('',(-4.61945943812565E-17,1.,0.));
#2961=DIRECTION('center_axis',(0.,0.,1.));
#2962=DIRECTION('ref_axis',(4.61945943812565E-17,-1.,0.));
#2963=DIRECTION('axis',(0.,0.,1.));
#2964=DIRECTION('refdir',(1.,0.,0.));
#2965=DIRECTION('center_axis',(-1.,5.27698598124303E-17,0.));
#2966=DIRECTION('ref_axis',(0.,0.,1.));
#2967=DIRECTION('',(5.27698598124303E-17,1.,0.));
#2968=DIRECTION('',(0.,0.,-1.));
#2969=DIRECTION('',(-5.27698598124303E-17,-1.,0.));
#2970=DIRECTION('',(0.,0.,1.));
#2971=DIRECTION('center_axis',(-1.,5.27698598124303E-17,0.));
#2972=DIRECTION('ref_axis',(0.,0.,1.));
#2973=DIRECTION('',(-5.27698598124303E-17,-1.,0.));
#2974=DIRECTION('',(0.,0.,-1.));
#2975=DIRECTION('',(5.27698598124303E-17,1.,0.));
#2976=DIRECTION('',(0.,0.,1.));
#2977=DIRECTION('center_axis',(5.27698598124303E-17,1.,0.));
#2978=DIRECTION('ref_axis',(-1.,5.27698598124303E-17,0.));
#2979=DIRECTION('',(1.,-5.27698598124303E-17,0.));
#2980=DIRECTION('',(1.,-5.27698598124303E-17,0.));
#2981=DIRECTION('center_axis',(0.,0.,1.));
#2982=DIRECTION('ref_axis',(1.,-5.27698598124303E-17,0.));
#2983=DIRECTION('',(1.,-5.27698598124303E-17,0.));
#2984=DIRECTION('center_axis',(-5.27698598124303E-17,-1.,0.));
#2985=DIRECTION('ref_axis',(1.,-5.27698598124303E-17,0.));
#2986=DIRECTION('',(1.,-5.27698598124303E-17,0.));
#2987=DIRECTION('center_axis',(0.,0.,-1.));
#2988=DIRECTION('ref_axis',(-1.,5.27698598124303E-17,0.));
#2989=DIRECTION('axis',(0.,0.,1.));
#2990=DIRECTION('refdir',(1.,0.,0.));
#2991=DIRECTION('axis',(0.,0.,1.));
#2992=DIRECTION('refdir',(1.,0.,0.));
#2993=DIRECTION('center_axis',(-1.,8.94346325392487E-17,0.));
#2994=DIRECTION('ref_axis',(0.,0.,-1.));
#2995=DIRECTION('',(-8.94346325392487E-17,-1.,0.));
#2996=DIRECTION('',(0.,0.,1.));
#2997=DIRECTION('',(8.94346325392487E-17,1.,0.));
#2998=DIRECTION('',(0.,0.,-1.));
#2999=DIRECTION('center_axis',(-1.,8.94346325392487E-17,0.));
#3000=DIRECTION('ref_axis',(0.,0.,-1.));
#3001=DIRECTION('',(8.94346325392487E-17,1.,0.));
#3002=DIRECTION('',(0.,0.,1.));
#3003=DIRECTION('',(-8.94346325392487E-17,-1.,0.));
#3004=DIRECTION('',(0.,0.,-1.));
#3005=DIRECTION('center_axis',(-8.94346325392487E-17,-1.,0.));
#3006=DIRECTION('ref_axis',(-1.,8.94346325392487E-17,0.));
#3007=DIRECTION('',(1.,-8.94346325392487E-17,0.));
#3008=DIRECTION('',(1.,-8.94346325392487E-17,0.));
#3009=DIRECTION('center_axis',(0.,0.,-1.));
#3010=DIRECTION('ref_axis',(1.,-8.94346325392487E-17,0.));
#3011=DIRECTION('',(1.,-8.94346325392487E-17,0.));
#3012=DIRECTION('center_axis',(8.94346325392487E-17,1.,0.));
#3013=DIRECTION('ref_axis',(1.,-8.94346325392487E-17,0.));
#3014=DIRECTION('',(1.,-8.94346325392487E-17,0.));
#3015=DIRECTION('center_axis',(0.,0.,1.));
#3016=DIRECTION('ref_axis',(-1.,8.94346325392487E-17,0.));
#3017=DIRECTION('',(3.56825413199431E-32,1.22464679914735E-16,1.));
#3018=DIRECTION('',(1.,0.,-3.56825413199431E-32));
#3019=DIRECTION('',(3.56825413199431E-32,1.22464679914735E-16,1.));
#3020=DIRECTION('',(1.,0.,-3.56825413199431E-32));
#3021=DIRECTION('',(3.56825413199431E-32,1.22464679914735E-16,1.));
#3022=DIRECTION('',(1.,0.,-3.56825413199431E-32));
#3023=DIRECTION('',(0.,0.,1.));
#3024=DIRECTION('',(1.,0.,0.));
#3025=DIRECTION('',(0.,0.,-1.));
#3026=DIRECTION('',(-1.,1.22464679914735E-16,0.));
#3027=DIRECTION('',(0.,0.,-1.));
#3028=DIRECTION('',(1.,-2.44929359829471E-16,0.));
#3029=DIRECTION('',(0.,0.,1.));
#3030=DIRECTION('',(1.,0.,0.));
#3031=DIRECTION('',(0.,0.,1.));
#3032=DIRECTION('',(1.,0.,0.));
#3033=DIRECTION('',(0.,0.,1.));
#3034=DIRECTION('',(1.,0.,0.));
#3035=DIRECTION('',(0.,0.,1.));
#3036=DIRECTION('',(1.,0.,0.));
#3037=DIRECTION('',(0.,0.,1.));
#3038=DIRECTION('',(1.,0.,0.));
#3039=DIRECTION('center_axis',(0.,0.,1.));
#3040=DIRECTION('ref_axis',(1.,0.,0.));
#3041=CARTESIAN_POINT('',(0.,0.,0.));
#3042=CARTESIAN_POINT('',(0.,0.,0.));
#3043=CARTESIAN_POINT('',(0.,0.,0.));
#3044=CARTESIAN_POINT('Origin',(47.5,-97.5,0.));
#3045=CARTESIAN_POINT('',(47.5,-97.5,0.));
#3046=CARTESIAN_POINT('',(-47.5,-97.5,0.));
#3047=CARTESIAN_POINT('',(23.75,-97.5,0.));
#3048=CARTESIAN_POINT('',(47.5,-97.5,95.));
#3049=CARTESIAN_POINT('',(47.5,-97.5,0.));
#3050=CARTESIAN_POINT('',(-47.5,-97.5,95.));
#3051=CARTESIAN_POINT('',(-47.5,-97.5,95.));
#3052=CARTESIAN_POINT('',(-47.5,-97.5,0.));
#3053=CARTESIAN_POINT('Origin',(-1.4432899320127E-14,-120.,95.));
#3054=CARTESIAN_POINT('',(-47.5,-142.5,95.));
#3055=CARTESIAN_POINT('',(47.5,-142.5,95.));
#3056=CARTESIAN_POINT('',(-23.75,-142.5,95.));
#3057=CARTESIAN_POINT('',(-47.5,-83.75,95.));
#3058=CARTESIAN_POINT('',(47.5,-131.25,95.));
#3059=CARTESIAN_POINT('Origin',(-47.5,-47.5,0.));
#3060=CARTESIAN_POINT('',(-47.5,-142.5,755.));
#3061=CARTESIAN_POINT('',(-47.5,-142.5,0.));
#3062=CARTESIAN_POINT('',(-47.5,-47.5,755.));
#3063=CARTESIAN_POINT('',(-47.5,-142.5,755.));
#3064=CARTESIAN_POINT('',(-47.5,-47.5,0.));
#3065=CARTESIAN_POINT('',(-47.5,-47.5,0.));
#3066=CARTESIAN_POINT('',(-47.5,-142.5,0.));
#3067=CARTESIAN_POINT('Origin',(-47.5,-142.5,0.));
#3068=CARTESIAN_POINT('',(47.5,-142.5,755.));
#3069=CARTESIAN_POINT('',(47.5,-142.5,0.));
#3070=CARTESIAN_POINT('',(47.5,-142.5,755.));
#3071=CARTESIAN_POINT('Origin',(47.5,-47.5,0.));
#3072=CARTESIAN_POINT('',(47.5,-47.5,0.));
#3073=CARTESIAN_POINT('',(-47.5,-47.5,0.));
#3074=CARTESIAN_POINT('',(47.5,-47.5,755.));
#3075=CARTESIAN_POINT('',(-47.5,-47.5,755.));
#3076=CARTESIAN_POINT('',(47.5,-47.5,0.));
#3077=CARTESIAN_POINT('Origin',(47.5,-142.5,0.));
#3078=CARTESIAN_POINT('',(47.5,-47.5,0.));
#3079=CARTESIAN_POINT('',(47.5,-47.5,755.));
#3080=CARTESIAN_POINT('Origin',(-8.88178419700125E-15,-95.,755.));
#3081=CARTESIAN_POINT('Origin',(-8.88178419700125E-15,-95.,0.));
#3082=CARTESIAN_POINT('',(0.,0.,0.));
#3083=CARTESIAN_POINT('Origin',(47.5,-97.5,0.));
#3084=CARTESIAN_POINT('',(47.5,-97.5,0.));
#3085=CARTESIAN_POINT('',(-47.5,-97.5,0.));
#3086=CARTESIAN_POINT('',(23.75,-97.5,0.));
#3087=CARTESIAN_POINT('',(-47.5,-97.5,-95.));
#3088=CARTESIAN_POINT('',(-47.5,-97.5,0.));
#3089=CARTESIAN_POINT('',(47.5,-97.5,-95.));
#3090=CARTESIAN_POINT('',(-47.5,-97.5,-95.));
#3091=CARTESIAN_POINT('',(47.5,-97.5,0.));
#3092=CARTESIAN_POINT('Origin',(-1.4432899320127E-14,-120.,-95.));
#3093=CARTESIAN_POINT('',(-47.5,-142.5,-95.));
#3094=CARTESIAN_POINT('',(47.5,-142.5,-95.));
#3095=CARTESIAN_POINT('',(-23.75,-142.5,-95.));
#3096=CARTESIAN_POINT('',(47.5,-131.25,-95.));
#3097=CARTESIAN_POINT('',(-47.5,-83.75,-95.));
#3098=CARTESIAN_POINT('Origin',(-47.5,-47.5,0.));
#3099=CARTESIAN_POINT('',(-47.5,-47.5,0.));
#3100=CARTESIAN_POINT('',(-47.5,-142.5,0.));
#3101=CARTESIAN_POINT('',(-47.5,-47.5,-755.));
#3102=CARTESIAN_POINT('',(-47.5,-47.5,0.));
#3103=CARTESIAN_POINT('',(-47.5,-142.5,-755.));
#3104=CARTESIAN_POINT('',(-47.5,-142.5,-755.));
#3105=CARTESIAN_POINT('',(-47.5,-142.5,0.));
#3106=CARTESIAN_POINT('Origin',(-47.5,-142.5,0.));
#3107=CARTESIAN_POINT('',(47.5,-142.5,-755.));
#3108=CARTESIAN_POINT('',(47.5,-142.5,-755.));
#3109=CARTESIAN_POINT('',(47.5,-142.5,0.));
#3110=CARTESIAN_POINT('Origin',(47.5,-47.5,0.));
#3111=CARTESIAN_POINT('',(47.5,-47.5,0.));
#3112=CARTESIAN_POINT('',(-47.5,-47.5,0.));
#3113=CARTESIAN_POINT('',(47.5,-47.5,-755.));
#3114=CARTESIAN_POINT('',(47.5,-47.5,0.));
#3115=CARTESIAN_POINT('',(-47.5,-47.5,-755.));
#3116=CARTESIAN_POINT('Origin',(47.5,-142.5,0.));
#3117=CARTESIAN_POINT('',(47.5,-47.5,-755.));
#3118=CARTESIAN_POINT('',(47.5,-47.5,0.));
#3119=CARTESIAN_POINT('Origin',(-8.88178419700125E-15,-95.,-755.));
#3120=CARTESIAN_POINT('Origin',(-8.88178419700125E-15,-95.,0.));
#3121=CARTESIAN_POINT('',(0.,0.,0.));
#3122=CARTESIAN_POINT('Origin',(47.5,-97.5,0.));
#3123=CARTESIAN_POINT('',(47.5,-97.5,0.));
#3124=CARTESIAN_POINT('',(-47.5,-97.5,0.));
#3125=CARTESIAN_POINT('',(23.75,-97.5,0.));
#3126=CARTESIAN_POINT('',(-47.5,-97.5,-95.));
#3127=CARTESIAN_POINT('',(-47.5,-97.5,0.));
#3128=CARTESIAN_POINT('',(47.5,-97.5,-95.));
#3129=CARTESIAN_POINT('',(-47.5,-97.5,-95.));
#3130=CARTESIAN_POINT('',(47.5,-97.5,0.));
#3131=CARTESIAN_POINT('Origin',(-1.4432899320127E-14,-120.,-95.));
#3132=CARTESIAN_POINT('',(-47.5,-142.5,-95.));
#3133=CARTESIAN_POINT('',(47.5,-142.5,-95.));
#3134=CARTESIAN_POINT('',(-23.75,-142.5,-95.));
#3135=CARTESIAN_POINT('',(47.5,-131.25,-95.));
#3136=CARTESIAN_POINT('',(-47.5,-83.75,-95.));
#3137=CARTESIAN_POINT('Origin',(-47.5,-47.5,0.));
#3138=CARTESIAN_POINT('',(-47.5,-47.5,0.));
#3139=CARTESIAN_POINT('',(-47.5,-142.5,0.));
#3140=CARTESIAN_POINT('',(-47.5,-47.5,-755.));
#3141=CARTESIAN_POINT('',(-47.5,-47.5,0.));
#3142=CARTESIAN_POINT('',(-47.5,-142.5,-755.));
#3143=CARTESIAN_POINT('',(-47.5,-142.5,-755.));
#3144=CARTESIAN_POINT('',(-47.5,-142.5,0.));
#3145=CARTESIAN_POINT('Origin',(-47.5,-142.5,0.));
#3146=CARTESIAN_POINT('',(47.5,-142.5,-755.));
#3147=CARTESIAN_POINT('',(47.5,-142.5,-755.));
#3148=CARTESIAN_POINT('',(47.5,-142.5,0.));
#3149=CARTESIAN_POINT('Origin',(47.5,-47.5,0.));
#3150=CARTESIAN_POINT('',(47.5,-47.5,0.));
#3151=CARTESIAN_POINT('',(-47.5,-47.5,0.));
#3152=CARTESIAN_POINT('',(47.5,-47.5,-755.));
#3153=CARTESIAN_POINT('',(47.5,-47.5,0.));
#3154=CARTESIAN_POINT('',(-47.5,-47.5,-755.));
#3155=CARTESIAN_POINT('Origin',(47.5,-142.5,0.));
#3156=CARTESIAN_POINT('',(47.5,-47.5,-755.));
#3157=CARTESIAN_POINT('',(47.5,-47.5,0.));
#3158=CARTESIAN_POINT('Origin',(-8.88178419700125E-15,-95.,-755.));
#3159=CARTESIAN_POINT('Origin',(-8.88178419700125E-15,-95.,0.));
#3160=CARTESIAN_POINT('',(0.,0.,0.));
#3161=CARTESIAN_POINT('Origin',(47.5,-97.5,0.));
#3162=CARTESIAN_POINT('',(47.5,-97.5,0.));
#3163=CARTESIAN_POINT('',(-47.5,-97.5,0.));
#3164=CARTESIAN_POINT('',(23.75,-97.5,0.));
#3165=CARTESIAN_POINT('',(47.5,-97.5,95.));
#3166=CARTESIAN_POINT('',(47.5,-97.5,0.));
#3167=CARTESIAN_POINT('',(-47.5,-97.5,95.));
#3168=CARTESIAN_POINT('',(-47.5,-97.5,95.));
#3169=CARTESIAN_POINT('',(-47.5,-97.5,0.));
#3170=CARTESIAN_POINT('Origin',(-1.4432899320127E-14,-120.,95.));
#3171=CARTESIAN_POINT('',(-47.5,-142.5,95.));
#3172=CARTESIAN_POINT('',(47.5,-142.5,95.));
#3173=CARTESIAN_POINT('',(-23.75,-142.5,95.));
#3174=CARTESIAN_POINT('',(-47.5,-83.75,95.));
#3175=CARTESIAN_POINT('',(47.5,-131.25,95.));
#3176=CARTESIAN_POINT('Origin',(-47.5,-47.5,0.));
#3177=CARTESIAN_POINT('',(-47.5,-142.5,755.));
#3178=CARTESIAN_POINT('',(-47.5,-142.5,0.));
#3179=CARTESIAN_POINT('',(-47.5,-47.5,755.));
#3180=CARTESIAN_POINT('',(-47.5,-142.5,755.));
#3181=CARTESIAN_POINT('',(-47.5,-47.5,0.));
#3182=CARTESIAN_POINT('',(-47.5,-47.5,0.));
#3183=CARTESIAN_POINT('',(-47.5,-142.5,0.));
#3184=CARTESIAN_POINT('Origin',(-47.5,-142.5,0.));
#3185=CARTESIAN_POINT('',(47.5,-142.5,755.));
#3186=CARTESIAN_POINT('',(47.5,-142.5,0.));
#3187=CARTESIAN_POINT('',(47.5,-142.5,755.));
#3188=CARTESIAN_POINT('Origin',(47.5,-47.5,0.));
#3189=CARTESIAN_POINT('',(47.5,-47.5,0.));
#3190=CARTESIAN_POINT('',(-47.5,-47.5,0.));
#3191=CARTESIAN_POINT('',(47.5,-47.5,755.));
#3192=CARTESIAN_POINT('',(-47.5,-47.5,755.));
#3193=CARTESIAN_POINT('',(47.5,-47.5,0.));
#3194=CARTESIAN_POINT('Origin',(47.5,-142.5,0.));
#3195=CARTESIAN_POINT('',(47.5,-47.5,0.));
#3196=CARTESIAN_POINT('',(47.5,-47.5,755.));
#3197=CARTESIAN_POINT('Origin',(-8.88178419700125E-15,-95.,755.));
#3198=CARTESIAN_POINT('Origin',(-8.88178419700125E-15,-95.,0.));
#3199=CARTESIAN_POINT('',(0.,0.,0.));
#3200=CARTESIAN_POINT('',(1435.,3.5527136788005E-14,0.));
#3201=CARTESIAN_POINT('',(8.54871728961371E-14,425.,0.));
#3202=CARTESIAN_POINT('',(1435.,425.,0.));
#3203=CARTESIAN_POINT('',(0.,0.,0.));
#3204=CARTESIAN_POINT('',(0.,0.,0.));
#3205=CARTESIAN_POINT('Origin',(-900.,400.,0.));
#3206=CARTESIAN_POINT('',(-900.,-400.,0.));
#3207=CARTESIAN_POINT('',(-900.,400.,0.));
#3208=CARTESIAN_POINT('',(-900.,-400.,0.));
#3209=CARTESIAN_POINT('',(-900.,-400.,15.));
#3210=CARTESIAN_POINT('',(-900.,-400.,0.));
#3211=CARTESIAN_POINT('',(-900.,400.,15.));
#3212=CARTESIAN_POINT('',(-900.,-400.,15.));
#3213=CARTESIAN_POINT('',(-900.,400.,0.));
#3214=CARTESIAN_POINT('Origin',(900.,400.,0.));
#3215=CARTESIAN_POINT('',(900.,400.,0.));
#3216=CARTESIAN_POINT('',(-900.,400.,0.));
#3217=CARTESIAN_POINT('',(900.,400.,15.));
#3218=CARTESIAN_POINT('',(-900.,400.,15.));
#3219=CARTESIAN_POINT('',(900.,400.,0.));
#3220=CARTESIAN_POINT('Origin',(900.,-400.,0.));
#3221=CARTESIAN_POINT('',(900.,-400.,0.));
#3222=CARTESIAN_POINT('',(900.,400.,0.));
#3223=CARTESIAN_POINT('',(900.,-400.,15.));
#3224=CARTESIAN_POINT('',(900.,400.,15.));
#3225=CARTESIAN_POINT('',(900.,-400.,0.));
#3226=CARTESIAN_POINT('Origin',(-900.,-400.,0.));
#3227=CARTESIAN_POINT('',(900.,-400.,0.));
#3228=CARTESIAN_POINT('',(900.,-400.,15.));
#3229=CARTESIAN_POINT('Origin',(0.,7.105427357601E-14,15.));
#3230=CARTESIAN_POINT('Origin',(0.,7.105427357601E-14,0.));
#3231=CARTESIAN_POINT('',(0.,0.,0.));
#3232=CARTESIAN_POINT('Origin',(-92.4999999999999,212.5,-707.5));
#3233=CARTESIAN_POINT('',(-92.4999999999999,567.5,-660.));
#3234=CARTESIAN_POINT('',(-92.4999999999999,-142.5,-660.));
#3235=CARTESIAN_POINT('',(-92.4999999999999,212.5,-660.));
#3236=CARTESIAN_POINT('',(-92.4999999999999,567.5,-755.));
#3237=CARTESIAN_POINT('',(-92.4999999999999,567.5,-707.5));
#3238=CARTESIAN_POINT('',(-92.4999999999999,-142.5,-755.));
#3239=CARTESIAN_POINT('',(-92.4999999999999,212.5,-755.));
#3240=CARTESIAN_POINT('',(-92.4999999999999,-142.5,-707.5));
#3241=CARTESIAN_POINT('Origin',(-47.4999999999999,212.5,-707.5));
#3242=CARTESIAN_POINT('',(-47.4999999999999,-142.5,-660.));
#3243=CARTESIAN_POINT('',(-47.4999999999999,567.5,-660.));
#3244=CARTESIAN_POINT('',(-47.4999999999999,212.5,-660.));
#3245=CARTESIAN_POINT('',(-47.4999999999999,-142.5,-755.));
#3246=CARTESIAN_POINT('',(-47.4999999999999,-142.5,-707.5));
#3247=CARTESIAN_POINT('',(-47.4999999999999,567.5,-755.));
#3248=CARTESIAN_POINT('',(-47.4999999999999,212.5,-755.));
#3249=CARTESIAN_POINT('',(-47.4999999999999,567.5,-707.5));
#3250=CARTESIAN_POINT('Origin',(-69.9999999999999,567.5,-707.5));
#3251=CARTESIAN_POINT('',(-69.9999999999999,567.5,-755.));
#3252=CARTESIAN_POINT('',(-69.9999999999999,567.5,-660.));
#3253=CARTESIAN_POINT('Origin',(-69.9999999999999,212.5,-755.));
#3254=CARTESIAN_POINT('',(-69.9999999999999,-142.5,-755.));
#3255=CARTESIAN_POINT('Origin',(-69.9999999999999,-142.5,-707.5));
#3256=CARTESIAN_POINT('',(-69.9999999999999,-142.5,-660.));
#3257=CARTESIAN_POINT('Origin',(-69.9999999999999,212.5,-660.));
#3258=CARTESIAN_POINT('Origin',(-92.4999999999999,212.5,-707.5));
#3259=CARTESIAN_POINT('',(-92.4999999999999,567.5,-660.));
#3260=CARTESIAN_POINT('',(-92.4999999999999,-142.5,-660.));
#3261=CARTESIAN_POINT('',(-92.4999999999999,212.5,-660.));
#3262=CARTESIAN_POINT('',(-92.4999999999999,-142.5,-755.));
#3263=CARTESIAN_POINT('',(-92.4999999999999,-142.5,-707.5));
#3264=CARTESIAN_POINT('',(-92.4999999999999,567.5,-755.));
#3265=CARTESIAN_POINT('',(-92.4999999999999,212.5,-755.));
#3266=CARTESIAN_POINT('',(-92.4999999999999,567.5,-707.5));
#3267=CARTESIAN_POINT('Origin',(-137.5,212.5,-707.5));
#3268=CARTESIAN_POINT('',(-137.5,-142.5,-660.));
#3269=CARTESIAN_POINT('',(-137.5,567.5,-660.));
#3270=CARTESIAN_POINT('',(-137.5,212.5,-660.));
#3271=CARTESIAN_POINT('',(-137.5,567.5,-755.));
#3272=CARTESIAN_POINT('',(-137.5,567.5,-707.5));
#3273=CARTESIAN_POINT('',(-137.5,-142.5,-755.));
#3274=CARTESIAN_POINT('',(-137.5,212.5,-755.));
#3275=CARTESIAN_POINT('',(-137.5,-142.5,-707.5));
#3276=CARTESIAN_POINT('Origin',(-115.,567.5,-707.5));
#3277=CARTESIAN_POINT('',(-115.,567.5,-755.));
#3278=CARTESIAN_POINT('',(-115.,567.5,-660.));
#3279=CARTESIAN_POINT('Origin',(-115.,212.5,-755.));
#3280=CARTESIAN_POINT('',(-115.,-142.5,-755.));
#3281=CARTESIAN_POINT('Origin',(-115.,-142.5,-707.5));
#3282=CARTESIAN_POINT('',(-115.,-142.5,-660.));
#3283=CARTESIAN_POINT('Origin',(-115.,212.5,-660.));
#3284=CARTESIAN_POINT('Origin',(-182.5,212.5,-707.5));
#3285=CARTESIAN_POINT('',(-182.5,567.5,-660.));
#3286=CARTESIAN_POINT('',(-182.5,-142.5,-660.));
#3287=CARTESIAN_POINT('',(-182.5,212.5,-660.));
#3288=CARTESIAN_POINT('',(-182.5,567.5,-755.));
#3289=CARTESIAN_POINT('',(-182.5,567.5,-707.5));
#3290=CARTESIAN_POINT('',(-182.5,-142.5,-755.));
#3291=CARTESIAN_POINT('',(-182.5,212.5,-755.));
#3292=CARTESIAN_POINT('',(-182.5,-142.5,-707.5));
#3293=CARTESIAN_POINT('Origin',(-137.5,212.5,-707.5));
#3294=CARTESIAN_POINT('',(-137.5,-142.5,-660.));
#3295=CARTESIAN_POINT('',(-137.5,567.5,-660.));
#3296=CARTESIAN_POINT('',(-137.5,212.5,-660.));
#3297=CARTESIAN_POINT('',(-137.5,-142.5,-755.));
#3298=CARTESIAN_POINT('',(-137.5,-142.5,-707.5));
#3299=CARTESIAN_POINT('',(-137.5,567.5,-755.));
#3300=CARTESIAN_POINT('',(-137.5,212.5,-755.));
#3301=CARTESIAN_POINT('',(-137.5,567.5,-707.5));
#3302=CARTESIAN_POINT('Origin',(-160.,567.5,-707.5));
#3303=CARTESIAN_POINT('',(-160.,567.5,-755.));
#3304=CARTESIAN_POINT('',(-160.,567.5,-660.));
#3305=CARTESIAN_POINT('Origin',(-160.,212.5,-755.));
#3306=CARTESIAN_POINT('',(-160.,-142.5,-755.));
#3307=CARTESIAN_POINT('Origin',(-160.,-142.5,-707.5));
#3308=CARTESIAN_POINT('',(-160.,-142.5,-660.));
#3309=CARTESIAN_POINT('Origin',(-160.,212.5,-660.));
#3310=CARTESIAN_POINT('',(0.,0.,0.));
#3311=CARTESIAN_POINT('Origin',(-92.4999999999999,212.5,707.5));
#3312=CARTESIAN_POINT('',(-92.4999999999999,567.5,660.));
#3313=CARTESIAN_POINT('',(-92.4999999999999,-142.5,660.));
#3314=CARTESIAN_POINT('',(-92.4999999999999,212.5,660.));
#3315=CARTESIAN_POINT('',(-92.4999999999999,-142.5,755.));
#3316=CARTESIAN_POINT('',(-92.4999999999999,-142.5,707.5));
#3317=CARTESIAN_POINT('',(-92.4999999999999,567.5,755.));
#3318=CARTESIAN_POINT('',(-92.4999999999999,212.5,755.));
#3319=CARTESIAN_POINT('',(-92.4999999999999,567.5,707.5));
#3320=CARTESIAN_POINT('Origin',(-47.4999999999999,212.5,707.5));
#3321=CARTESIAN_POINT('',(-47.4999999999999,-142.5,660.));
#3322=CARTESIAN_POINT('',(-47.4999999999999,567.5,660.));
#3323=CARTESIAN_POINT('',(-47.4999999999999,212.5,660.));
#3324=CARTESIAN_POINT('',(-47.4999999999999,567.5,755.));
#3325=CARTESIAN_POINT('',(-47.4999999999999,567.5,707.5));
#3326=CARTESIAN_POINT('',(-47.4999999999999,-142.5,755.));
#3327=CARTESIAN_POINT('',(-47.4999999999999,212.5,755.));
#3328=CARTESIAN_POINT('',(-47.4999999999999,-142.5,707.5));
#3329=CARTESIAN_POINT('Origin',(-69.9999999999999,567.5,707.5));
#3330=CARTESIAN_POINT('',(-69.9999999999999,567.5,755.));
#3331=CARTESIAN_POINT('',(-69.9999999999999,567.5,660.));
#3332=CARTESIAN_POINT('Origin',(-69.9999999999999,212.5,755.));
#3333=CARTESIAN_POINT('',(-69.9999999999999,-142.5,755.));
#3334=CARTESIAN_POINT('Origin',(-69.9999999999999,-142.5,707.5));
#3335=CARTESIAN_POINT('',(-69.9999999999999,-142.5,660.));
#3336=CARTESIAN_POINT('Origin',(-69.9999999999999,212.5,660.));
#3337=CARTESIAN_POINT('Origin',(-92.4999999999999,212.5,707.5));
#3338=CARTESIAN_POINT('',(-92.4999999999999,567.5,660.));
#3339=CARTESIAN_POINT('',(-92.4999999999999,-142.5,660.));
#3340=CARTESIAN_POINT('',(-92.4999999999999,212.5,660.));
#3341=CARTESIAN_POINT('',(-92.4999999999999,567.5,755.));
#3342=CARTESIAN_POINT('',(-92.4999999999999,567.5,707.5));
#3343=CARTESIAN_POINT('',(-92.4999999999999,-142.5,755.));
#3344=CARTESIAN_POINT('',(-92.4999999999999,212.5,755.));
#3345=CARTESIAN_POINT('',(-92.4999999999999,-142.5,707.5));
#3346=CARTESIAN_POINT('Origin',(-137.5,212.5,707.5));
#3347=CARTESIAN_POINT('',(-137.5,-142.5,660.));
#3348=CARTESIAN_POINT('',(-137.5,567.5,660.));
#3349=CARTESIAN_POINT('',(-137.5,212.5,660.));
#3350=CARTESIAN_POINT('',(-137.5,-142.5,755.));
#3351=CARTESIAN_POINT('',(-137.5,-142.5,707.5));
#3352=CARTESIAN_POINT('',(-137.5,567.5,755.));
#3353=CARTESIAN_POINT('',(-137.5,212.5,755.));
#3354=CARTESIAN_POINT('',(-137.5,567.5,707.5));
#3355=CARTESIAN_POINT('Origin',(-115.,567.5,707.5));
#3356=CARTESIAN_POINT('',(-115.,567.5,755.));
#3357=CARTESIAN_POINT('',(-115.,567.5,660.));
#3358=CARTESIAN_POINT('Origin',(-115.,212.5,755.));
#3359=CARTESIAN_POINT('',(-115.,-142.5,755.));
#3360=CARTESIAN_POINT('Origin',(-115.,-142.5,707.5));
#3361=CARTESIAN_POINT('',(-115.,-142.5,660.));
#3362=CARTESIAN_POINT('Origin',(-115.,212.5,660.));
#3363=CARTESIAN_POINT('Origin',(-182.5,212.5,707.5));
#3364=CARTESIAN_POINT('',(-182.5,567.5,660.));
#3365=CARTESIAN_POINT('',(-182.5,-142.5,660.));
#3366=CARTESIAN_POINT('',(-182.5,212.5,660.));
#3367=CARTESIAN_POINT('',(-182.5,-142.5,755.));
#3368=CARTESIAN_POINT('',(-182.5,-142.5,707.5));
#3369=CARTESIAN_POINT('',(-182.5,567.5,755.));
#3370=CARTESIAN_POINT('',(-182.5,212.5,755.));
#3371=CARTESIAN_POINT('',(-182.5,567.5,707.5));
#3372=CARTESIAN_POINT('Origin',(-137.5,212.5,707.5));
#3373=CARTESIAN_POINT('',(-137.5,-142.5,660.));
#3374=CARTESIAN_POINT('',(-137.5,567.5,660.));
#3375=CARTESIAN_POINT('',(-137.5,212.5,660.));
#3376=CARTESIAN_POINT('',(-137.5,567.5,755.));
#3377=CARTESIAN_POINT('',(-137.5,567.5,707.5));
#3378=CARTESIAN_POINT('',(-137.5,-142.5,755.));
#3379=CARTESIAN_POINT('',(-137.5,212.5,755.));
#3380=CARTESIAN_POINT('',(-137.5,-142.5,707.5));
#3381=CARTESIAN_POINT('Origin',(-160.,567.5,707.5));
#3382=CARTESIAN_POINT('',(-160.,567.5,755.));
#3383=CARTESIAN_POINT('',(-160.,567.5,660.));
#3384=CARTESIAN_POINT('Origin',(-160.,212.5,755.));
#3385=CARTESIAN_POINT('',(-160.,-142.5,755.));
#3386=CARTESIAN_POINT('Origin',(-160.,-142.5,707.5));
#3387=CARTESIAN_POINT('',(-160.,-142.5,660.));
#3388=CARTESIAN_POINT('Origin',(-160.,212.5,660.));
#3389=CARTESIAN_POINT('',(0.,0.,0.));
#3390=CARTESIAN_POINT('Origin',(736.990008910905,-187.5,-688.284965370966));
#3391=CARTESIAN_POINT('',(-163.009991089095,-187.5,-640.784965370966));
#3392=CARTESIAN_POINT('',(1636.99000891091,-187.5,-640.784965370966));
#3393=CARTESIAN_POINT('',(736.990008910905,-187.5,-640.784965370966));
#3394=CARTESIAN_POINT('',(-163.009991089095,-187.5,-735.784965370966));
#3395=CARTESIAN_POINT('',(-163.009991089095,-187.5,-688.284965370966));
#3396=CARTESIAN_POINT('',(1636.99000891091,-187.5,-735.784965370966));
#3397=CARTESIAN_POINT('',(736.990008910905,-187.5,-735.784965370966));
#3398=CARTESIAN_POINT('',(1636.99000891091,-187.5,-688.284965370966));
#3399=CARTESIAN_POINT('Origin',(736.990008910905,-142.5,-688.284965370966));
#3400=CARTESIAN_POINT('',(1636.99000891091,-142.5,-640.784965370966));
#3401=CARTESIAN_POINT('',(-163.009991089095,-142.5,-640.784965370966));
#3402=CARTESIAN_POINT('',(736.990008910905,-142.5,-640.784965370966));
#3403=CARTESIAN_POINT('',(1636.99000891091,-142.5,-735.784965370966));
#3404=CARTESIAN_POINT('',(1636.99000891091,-142.5,-688.284965370966));
#3405=CARTESIAN_POINT('',(-163.009991089095,-142.5,-735.784965370966));
#3406=CARTESIAN_POINT('',(736.990008910905,-142.5,-735.784965370966));
#3407=CARTESIAN_POINT('',(-163.009991089095,-142.5,-688.284965370966));
#3408=CARTESIAN_POINT('Origin',(-163.009991089095,-165.,-688.284965370966));
#3409=CARTESIAN_POINT('',(-163.009991089095,-165.,-735.784965370966));
#3410=CARTESIAN_POINT('',(-163.009991089095,-165.,-640.784965370966));
#3411=CARTESIAN_POINT('Origin',(736.990008910905,-165.,-735.784965370966));
#3412=CARTESIAN_POINT('',(1636.99000891091,-165.,-735.784965370966));
#3413=CARTESIAN_POINT('Origin',(1636.99000891091,-165.,-688.284965370966));
#3414=CARTESIAN_POINT('',(1636.99000891091,-165.,-640.784965370966));
#3415=CARTESIAN_POINT('Origin',(736.990008910905,-165.,-640.784965370966));
#3416=CARTESIAN_POINT('',(0.,0.,0.));
#3417=CARTESIAN_POINT('Origin',(736.990008910905,-187.5,688.284965370966));
#3418=CARTESIAN_POINT('',(-163.009991089095,-187.5,640.784965370966));
#3419=CARTESIAN_POINT('',(1636.99000891091,-187.5,640.784965370966));
#3420=CARTESIAN_POINT('',(736.990008910905,-187.5,640.784965370966));
#3421=CARTESIAN_POINT('',(1636.99000891091,-187.5,735.784965370966));
#3422=CARTESIAN_POINT('',(1636.99000891091,-187.5,688.284965370966));
#3423=CARTESIAN_POINT('',(-163.009991089095,-187.5,735.784965370966));
#3424=CARTESIAN_POINT('',(736.990008910905,-187.5,735.784965370966));
#3425=CARTESIAN_POINT('',(-163.009991089095,-187.5,688.284965370966));
#3426=CARTESIAN_POINT('Origin',(736.990008910905,-142.5,688.284965370966));
#3427=CARTESIAN_POINT('',(1636.99000891091,-142.5,640.784965370966));
#3428=CARTESIAN_POINT('',(-163.009991089095,-142.5,640.784965370966));
#3429=CARTESIAN_POINT('',(736.990008910905,-142.5,640.784965370966));
#3430=CARTESIAN_POINT('',(-163.009991089095,-142.5,735.784965370966));
#3431=CARTESIAN_POINT('',(-163.009991089095,-142.5,688.284965370966));
#3432=CARTESIAN_POINT('',(1636.99000891091,-142.5,735.784965370966));
#3433=CARTESIAN_POINT('',(736.990008910905,-142.5,735.784965370966));
#3434=CARTESIAN_POINT('',(1636.99000891091,-142.5,688.284965370966));
#3435=CARTESIAN_POINT('Origin',(-163.009991089095,-165.,688.284965370966));
#3436=CARTESIAN_POINT('',(-163.009991089095,-165.,735.784965370966));
#3437=CARTESIAN_POINT('',(-163.009991089095,-165.,640.784965370966));
#3438=CARTESIAN_POINT('Origin',(736.990008910905,-165.,735.784965370966));
#3439=CARTESIAN_POINT('',(1636.99000891091,-165.,735.784965370966));
#3440=CARTESIAN_POINT('Origin',(1636.99000891091,-165.,688.284965370966));
#3441=CARTESIAN_POINT('',(1636.99000891091,-165.,640.784965370966));
#3442=CARTESIAN_POINT('Origin',(736.990008910905,-165.,640.784965370966));
#3443=CARTESIAN_POINT('',(0.,0.,0.));
#3444=CARTESIAN_POINT('Origin',(694.423737946173,463.776978310733,95.));
#3445=CARTESIAN_POINT('',(1459.42373794617,486.276978310733,95.));
#3446=CARTESIAN_POINT('',(-70.5762620538269,486.276978310733,95.));
#3447=CARTESIAN_POINT('',(694.423737946173,486.276978310733,95.));
#3448=CARTESIAN_POINT('',(-70.5762620538269,441.276978310733,95.));
#3449=CARTESIAN_POINT('',(-70.5762620538269,463.776978310733,95.));
#3450=CARTESIAN_POINT('',(1459.42373794617,441.276978310733,95.));
#3451=CARTESIAN_POINT('',(694.423737946173,441.276978310733,95.));
#3452=CARTESIAN_POINT('',(1459.42373794617,463.776978310733,95.));
#3453=CARTESIAN_POINT('Origin',(694.423737946173,463.776978310733,0.));
#3454=CARTESIAN_POINT('',(-70.5762620538269,486.276978310733,0.));
#3455=CARTESIAN_POINT('',(1459.42373794617,486.276978310733,0.));
#3456=CARTESIAN_POINT('',(694.423737946173,486.276978310733,0.));
#3457=CARTESIAN_POINT('',(1459.42373794617,441.276978310733,0.));
#3458=CARTESIAN_POINT('',(1459.42373794617,463.776978310733,0.));
#3459=CARTESIAN_POINT('',(-70.5762620538269,441.276978310733,0.));
#3460=CARTESIAN_POINT('',(694.423737946173,441.276978310733,0.));
#3461=CARTESIAN_POINT('',(-70.5762620538269,463.776978310733,0.));
#3462=CARTESIAN_POINT('Origin',(1459.42373794617,463.776978310733,47.5));
#3463=CARTESIAN_POINT('',(1459.42373794617,441.276978310733,47.5));
#3464=CARTESIAN_POINT('',(1459.42373794617,486.276978310733,47.5));
#3465=CARTESIAN_POINT('Origin',(694.423737946173,441.276978310733,47.5));
#3466=CARTESIAN_POINT('',(-70.5762620538269,441.276978310733,47.5));
#3467=CARTESIAN_POINT('Origin',(-70.5762620538269,463.776978310733,47.5));
#3468=CARTESIAN_POINT('',(-70.5762620538269,486.276978310733,47.5));
#3469=CARTESIAN_POINT('Origin',(694.423737946173,486.276978310733,47.5));
#3470=CARTESIAN_POINT('',(717.5,212.5,755.));
#3471=CARTESIAN_POINT('',(1435.,-1.06581410364015E-13,0.));
#3472=CARTESIAN_POINT('',(0.,0.,0.));
#3473=CARTESIAN_POINT('',(-19.4900089109051,425.,19.2150346290342));
#3474=CARTESIAN_POINT('',(-19.4900089109051,1.4210854715202E-13,19.2150346290342));
#3475=CARTESIAN_POINT('',(23.0762620538269,-251.276978310733,660.));
#3476=CARTESIAN_POINT('',(23.0762620538269,-451.276978310733,660.));
#3477=CARTESIAN_POINT('',(23.0762620538269,-51.2769783107332,660.));
#3478=CARTESIAN_POINT('',(0.,0.,0.));
#3479=CARTESIAN_POINT('',(0.,0.,0.));
#3480=CARTESIAN_POINT('Origin',(1015.,-142.5,47.5));
#3481=CARTESIAN_POINT('',(250.,-142.5,0.));
#3482=CARTESIAN_POINT('',(1780.,-142.5,0.));
#3483=CARTESIAN_POINT('',(1015.,-142.5,0.));
#3484=CARTESIAN_POINT('',(1780.,-142.5,95.));
#3485=CARTESIAN_POINT('',(1780.,-142.5,47.5));
#3486=CARTESIAN_POINT('',(250.,-142.5,95.));
#3487=CARTESIAN_POINT('',(1015.,-142.5,95.));
#3488=CARTESIAN_POINT('',(250.,-142.5,47.5));
#3489=CARTESIAN_POINT('Origin',(1015.,-97.5,47.5));
#3490=CARTESIAN_POINT('',(1780.,-97.5,0.));
#3491=CARTESIAN_POINT('',(250.,-97.5000000000001,0.));
#3492=CARTESIAN_POINT('',(1015.,-97.5,0.));
#3493=CARTESIAN_POINT('',(250.,-97.5000000000001,95.));
#3494=CARTESIAN_POINT('',(250.,-97.5000000000001,47.5));
#3495=CARTESIAN_POINT('',(1780.,-97.5,95.));
#3496=CARTESIAN_POINT('',(1015.,-97.5,95.));
#3497=CARTESIAN_POINT('',(1780.,-97.5,47.5));
#3498=CARTESIAN_POINT('Origin',(250.,-120.,47.5));
#3499=CARTESIAN_POINT('',(250.,-120.,95.));
#3500=CARTESIAN_POINT('',(250.,-120.,0.));
#3501=CARTESIAN_POINT('Origin',(1015.,-120.,95.));
#3502=CARTESIAN_POINT('',(1780.,-120.,95.));
#3503=CARTESIAN_POINT('Origin',(1780.,-120.,47.5));
#3504=CARTESIAN_POINT('',(1780.,-120.,0.));
#3505=CARTESIAN_POINT('Origin',(1015.,-120.,0.));
#3506=CARTESIAN_POINT('',(0.,0.,0.));
#3507=CARTESIAN_POINT('Origin',(-92.5,20.,-47.5));
#3508=CARTESIAN_POINT('',(-92.5000000000001,-240.,-95.));
#3509=CARTESIAN_POINT('',(-92.5,280.,-95.));
#3510=CARTESIAN_POINT('',(-92.5,20.,-95.));
#3511=CARTESIAN_POINT('',(-92.5000000000001,-240.,0.));
#3512=CARTESIAN_POINT('',(-92.5000000000001,-240.,-47.5));
#3513=CARTESIAN_POINT('',(-92.5,280.,0.));
#3514=CARTESIAN_POINT('',(-92.5,20.,0.));
#3515=CARTESIAN_POINT('',(-92.5,280.,-47.5));
#3516=CARTESIAN_POINT('Origin',(-47.5,20.,-47.5));
#3517=CARTESIAN_POINT('',(-47.5,280.,-95.));
#3518=CARTESIAN_POINT('',(-47.5000000000001,-240.,-95.));
#3519=CARTESIAN_POINT('',(-47.5,20.,-95.));
#3520=CARTESIAN_POINT('',(-47.5,280.,0.));
#3521=CARTESIAN_POINT('',(-47.5,280.,-47.5));
#3522=CARTESIAN_POINT('',(-47.5000000000001,-240.,0.));
#3523=CARTESIAN_POINT('',(-47.5,20.,0.));
#3524=CARTESIAN_POINT('',(-47.5000000000001,-240.,-47.5));
#3525=CARTESIAN_POINT('Origin',(-70.0000000000001,-240.,-47.5));
#3526=CARTESIAN_POINT('',(-70.0000000000001,-240.,0.));
#3527=CARTESIAN_POINT('',(-70.0000000000001,-240.,-95.));
#3528=CARTESIAN_POINT('Origin',(-70.,20.,0.));
#3529=CARTESIAN_POINT('',(-70.,280.,0.));
#3530=CARTESIAN_POINT('Origin',(-70.,280.,-47.5));
#3531=CARTESIAN_POINT('',(-70.,280.,-95.));
#3532=CARTESIAN_POINT('Origin',(-70.,20.,-95.));
#3533=CARTESIAN_POINT('',(0.,0.,0.));
#3534=CARTESIAN_POINT('Origin',(1015.,-142.5,-47.5));
#3535=CARTESIAN_POINT('',(250.,-142.5,0.));
#3536=CARTESIAN_POINT('',(1780.,-142.5,0.));
#3537=CARTESIAN_POINT('',(1015.,-142.5,0.));
#3538=CARTESIAN_POINT('',(250.,-142.5,-95.));
#3539=CARTESIAN_POINT('',(250.,-142.5,-47.5));
#3540=CARTESIAN_POINT('',(1780.,-142.5,-95.));
#3541=CARTESIAN_POINT('',(1015.,-142.5,-95.));
#3542=CARTESIAN_POINT('',(1780.,-142.5,-47.5));
#3543=CARTESIAN_POINT('Origin',(1015.,-97.5,-47.5));
#3544=CARTESIAN_POINT('',(1780.,-97.5,0.));
#3545=CARTESIAN_POINT('',(250.,-97.5000000000001,0.));
#3546=CARTESIAN_POINT('',(1015.,-97.5,0.));
#3547=CARTESIAN_POINT('',(1780.,-97.5,-95.));
#3548=CARTESIAN_POINT('',(1780.,-97.5,-47.5));
#3549=CARTESIAN_POINT('',(250.,-97.5000000000001,-95.));
#3550=CARTESIAN_POINT('',(1015.,-97.5,-95.));
#3551=CARTESIAN_POINT('',(250.,-97.5000000000001,-47.5));
#3552=CARTESIAN_POINT('Origin',(250.,-120.,-47.5));
#3553=CARTESIAN_POINT('',(250.,-120.,-95.));
#3554=CARTESIAN_POINT('',(250.,-120.,0.));
#3555=CARTESIAN_POINT('Origin',(1015.,-120.,-95.));
#3556=CARTESIAN_POINT('',(1780.,-120.,-95.));
#3557=CARTESIAN_POINT('Origin',(1780.,-120.,-47.5));
#3558=CARTESIAN_POINT('',(1780.,-120.,0.));
#3559=CARTESIAN_POINT('Origin',(1015.,-120.,0.));
#3560=CARTESIAN_POINT('',(0.,0.,0.));
#3561=CARTESIAN_POINT('Origin',(-92.5,20.,47.5));
#3562=CARTESIAN_POINT('',(-92.5000000000001,-240.,95.));
#3563=CARTESIAN_POINT('',(-92.5,280.,95.));
#3564=CARTESIAN_POINT('',(-92.5,20.,95.));
#3565=CARTESIAN_POINT('',(-92.5,280.,0.));
#3566=CARTESIAN_POINT('',(-92.5,280.,47.5));
#3567=CARTESIAN_POINT('',(-92.5000000000001,-240.,0.));
#3568=CARTESIAN_POINT('',(-92.5,20.,0.));
#3569=CARTESIAN_POINT('',(-92.5000000000001,-240.,47.5));
#3570=CARTESIAN_POINT('Origin',(-47.5,20.,47.5));
#3571=CARTESIAN_POINT('',(-47.5,280.,95.));
#3572=CARTESIAN_POINT('',(-47.5000000000001,-240.,95.));
#3573=CARTESIAN_POINT('',(-47.5,20.,95.));
#3574=CARTESIAN_POINT('',(-47.5000000000001,-240.,0.));
#3575=CARTESIAN_POINT('',(-47.5000000000001,-240.,47.5));
#3576=CARTESIAN_POINT('',(-47.5,280.,0.));
#3577=CARTESIAN_POINT('',(-47.5,20.,0.));
#3578=CARTESIAN_POINT('',(-47.5,280.,47.5));
#3579=CARTESIAN_POINT('Origin',(-70.0000000000001,-240.,47.5));
#3580=CARTESIAN_POINT('',(-70.0000000000001,-240.,0.));
#3581=CARTESIAN_POINT('',(-70.0000000000001,-240.,95.));
#3582=CARTESIAN_POINT('Origin',(-70.,20.,0.));
#3583=CARTESIAN_POINT('',(-70.,280.,0.));
#3584=CARTESIAN_POINT('Origin',(-70.,280.,47.5));
#3585=CARTESIAN_POINT('',(-70.,280.,95.));
#3586=CARTESIAN_POINT('Origin',(-70.,20.,95.));
#3587=CARTESIAN_POINT('',(0.,0.,0.));
#3588=CARTESIAN_POINT('',(0.,0.,0.));
#3589=CARTESIAN_POINT('Origin',(-92.5,-470.,572.5));
#3590=CARTESIAN_POINT('',(-92.4999999999999,-160.,525.));
#3591=CARTESIAN_POINT('',(-92.5,-780.,525.));
#3592=CARTESIAN_POINT('',(-92.5,-470.,525.));
#3593=CARTESIAN_POINT('',(-92.5,-780.,620.));
#3594=CARTESIAN_POINT('',(-92.5,-780.,572.5));
#3595=CARTESIAN_POINT('',(-92.4999999999999,-160.,620.));
#3596=CARTESIAN_POINT('',(-92.5,-470.,620.));
#3597=CARTESIAN_POINT('',(-92.4999999999999,-160.,572.5));
#3598=CARTESIAN_POINT('Origin',(-47.5,-470.,572.5));
#3599=CARTESIAN_POINT('',(-47.5,-780.,525.));
#3600=CARTESIAN_POINT('',(-47.4999999999999,-160.,525.));
#3601=CARTESIAN_POINT('',(-47.5,-470.,525.));
#3602=CARTESIAN_POINT('',(-47.4999999999999,-160.,620.));
#3603=CARTESIAN_POINT('',(-47.4999999999999,-160.,572.5));
#3604=CARTESIAN_POINT('',(-47.5,-780.,620.));
#3605=CARTESIAN_POINT('',(-47.5,-470.,620.));
#3606=CARTESIAN_POINT('',(-47.5,-780.,572.5));
#3607=CARTESIAN_POINT('Origin',(-69.9999999999999,-160.,572.5));
#3608=CARTESIAN_POINT('',(-69.9999999999999,-160.,620.));
#3609=CARTESIAN_POINT('',(-69.9999999999999,-160.,525.));
#3610=CARTESIAN_POINT('Origin',(-70.,-470.,620.));
#3611=CARTESIAN_POINT('',(-70.,-780.,620.));
#3612=CARTESIAN_POINT('Origin',(-70.,-780.,572.5));
#3613=CARTESIAN_POINT('',(-70.,-780.,525.));
#3614=CARTESIAN_POINT('Origin',(-70.,-470.,525.));
#3615=CARTESIAN_POINT('',(1237.5,682.5,-525.));
#3616=CARTESIAN_POINT('',(337.5,682.5,-525.));
#3617=CARTESIAN_POINT('',(787.5,682.5,-525.));
#3618=CARTESIAN_POINT('',(-297.5,8.88178419700125E-14,0.));
#3619=CARTESIAN_POINT('',(1390.,192.5,0.));
#3620=CARTESIAN_POINT('',(-297.5,425.000000000001,0.));
#3621=CARTESIAN_POINT('',(45.0000000000001,192.5,0.));
#3622=CARTESIAN_POINT('',(0.,0.,0.));
#3623=CARTESIAN_POINT('',(0.,0.,0.));
#3624=CARTESIAN_POINT('',(0.,0.,0.));
#3625=CARTESIAN_POINT('',(0.,0.,0.));
#3626=CARTESIAN_POINT('Origin',(0.,0.,0.));
#3627=UNCERTAINTY_MEASURE_WITH_UNIT(LENGTH_MEASURE(0.01),#3669,
'DISTANCE_ACCURACY_VALUE',
'Maximum model space distance between geometric entities at asserted c
onnectivities');
#3628=UNCERTAINTY_MEASURE_WITH_UNIT(LENGTH_MEASURE(0.01),#3669,
'DISTANCE_ACCURACY_VALUE',
'Maximum model space distance between geometric entities at asserted c
onnectivities');
#3629=UNCERTAINTY_MEASURE_WITH_UNIT(LENGTH_MEASURE(0.01),#3669,
'DISTANCE_ACCURACY_VALUE',
'Maximum model space distance between geometric entities at asserted c
onnectivities');
#3630=UNCERTAINTY_MEASURE_WITH_UNIT(LENGTH_MEASURE(0.01),#3669,
'DISTANCE_ACCURACY_VALUE',
'Maximum model space distance between geometric entities at asserted c
onnectivities');
#3631=UNCERTAINTY_MEASURE_WITH_UNIT(LENGTH_MEASURE(0.01),#3669,
'DISTANCE_ACCURACY_VALUE',
'Maximum model space distance between geometric entities at asserted c
onnectivities');
#3632=UNCERTAINTY_MEASURE_WITH_UNIT(LENGTH_MEASURE(0.01),#3669,
'DISTANCE_ACCURACY_VALUE',
'Maximum model space distance between geometric entities at asserted c
onnectivities');
#3633=UNCERTAINTY_MEASURE_WITH_UNIT(LENGTH_MEASURE(0.01),#3669,
'DISTANCE_ACCURACY_VALUE',
'Maximum model space distance between geometric entities at asserted c
onnectivities');
#3634=UNCERTAINTY_MEASURE_WITH_UNIT(LENGTH_MEASURE(0.01),#3669,
'DISTANCE_ACCURACY_VALUE',
'Maximum model space distance between geometric entities at asserted c
onnectivities');
#3635=UNCERTAINTY_MEASURE_WITH_UNIT(LENGTH_MEASURE(0.01),#3669,
'DISTANCE_ACCURACY_VALUE',
'Maximum model space distance between geometric entities at asserted c
onnectivities');
#3636=UNCERTAINTY_MEASURE_WITH_UNIT(LENGTH_MEASURE(0.01),#3669,
'DISTANCE_ACCURACY_VALUE',
'Maximum model space distance between geometric entities at asserted c
onnectivities');
#3637=UNCERTAINTY_MEASURE_WITH_UNIT(LENGTH_MEASURE(0.01),#3669,
'DISTANCE_ACCURACY_VALUE',
'Maximum model space distance between geometric entities at asserted c
onnectivities');
#3638=UNCERTAINTY_MEASURE_WITH_UNIT(LENGTH_MEASURE(0.01),#3669,
'DISTANCE_ACCURACY_VALUE',
'Maximum model space distance between geometric entities at asserted c
onnectivities');
#3639=UNCERTAINTY_MEASURE_WITH_UNIT(LENGTH_MEASURE(0.01),#3669,
'DISTANCE_ACCURACY_VALUE',
'Maximum model space distance between geometric entities at asserted c
onnectivities');
#3640=UNCERTAINTY_MEASURE_WITH_UNIT(LENGTH_MEASURE(0.01),#3669,
'DISTANCE_ACCURACY_VALUE',
'Maximum model space distance between geometric entities at asserted c
onnectivities');
#3641=UNCERTAINTY_MEASURE_WITH_UNIT(LENGTH_MEASURE(0.01),#3669,
'DISTANCE_ACCURACY_VALUE',
'Maximum model space distance between geometric entities at asserted c
onnectivities');
#3642=UNCERTAINTY_MEASURE_WITH_UNIT(LENGTH_MEASURE(0.01),#3669,
'DISTANCE_ACCURACY_VALUE',
'Maximum model space distance between geometric entities at asserted c
onnectivities');
#3643=UNCERTAINTY_MEASURE_WITH_UNIT(LENGTH_MEASURE(0.01),#3669,
'DISTANCE_ACCURACY_VALUE',
'Maximum model space distance between geometric entities at asserted c
onnectivities');
#3644=UNCERTAINTY_MEASURE_WITH_UNIT(LENGTH_MEASURE(0.01),#3669,
'DISTANCE_ACCURACY_VALUE',
'Maximum model space distance between geometric entities at asserted c
onnectivities');
#3645=UNCERTAINTY_MEASURE_WITH_UNIT(LENGTH_MEASURE(0.01),#3669,
'DISTANCE_ACCURACY_VALUE',
'Maximum model space distance between geometric entities at asserted c
onnectivities');
#3646=UNCERTAINTY_MEASURE_WITH_UNIT(LENGTH_MEASURE(0.01),#3669,
'DISTANCE_ACCURACY_VALUE',
'Maximum model space distance between geometric entities at asserted c
onnectivities');
#3647=UNCERTAINTY_MEASURE_WITH_UNIT(LENGTH_MEASURE(0.01),#3669,
'DISTANCE_ACCURACY_VALUE',
'Maximum model space distance between geometric entities at asserted c
onnectivities');
#3648=(
GEOMETRIC_REPRESENTATION_CONTEXT(3)
GLOBAL_UNCERTAINTY_ASSIGNED_CONTEXT((#3627))
GLOBAL_UNIT_ASSIGNED_CONTEXT((#3669,#3671,#3672))
REPRESENTATION_CONTEXT('','3D')
);
#3649=(
GEOMETRIC_REPRESENTATION_CONTEXT(3)
GLOBAL_UNCERTAINTY_ASSIGNED_CONTEXT((#3628))
GLOBAL_UNIT_ASSIGNED_CONTEXT((#3669,#3671,#3672))
REPRESENTATION_CONTEXT('','3D')
);
#3650=(
GEOMETRIC_REPRESENTATION_CONTEXT(3)
GLOBAL_UNCERTAINTY_ASSIGNED_CONTEXT((#3629))
GLOBAL_UNIT_ASSIGNED_CONTEXT((#3669,#3671,#3672))
REPRESENTATION_CONTEXT('','3D')
);
#3651=(
GEOMETRIC_REPRESENTATION_CONTEXT(3)
GLOBAL_UNCERTAINTY_ASSIGNED_CONTEXT((#3630))
GLOBAL_UNIT_ASSIGNED_CONTEXT((#3669,#3671,#3672))
REPRESENTATION_CONTEXT('','3D')
);
#3652=(
GEOMETRIC_REPRESENTATION_CONTEXT(3)
GLOBAL_UNCERTAINTY_ASSIGNED_CONTEXT((#3631))
GLOBAL_UNIT_ASSIGNED_CONTEXT((#3669,#3671,#3672))
REPRESENTATION_CONTEXT('','3D')
);
#3653=(
GEOMETRIC_REPRESENTATION_CONTEXT(3)
GLOBAL_UNCERTAINTY_ASSIGNED_CONTEXT((#3632))
GLOBAL_UNIT_ASSIGNED_CONTEXT((#3669,#3671,#3672))
REPRESENTATION_CONTEXT('','3D')
);
#3654=(
GEOMETRIC_REPRESENTATION_CONTEXT(3)
GLOBAL_UNCERTAINTY_ASSIGNED_CONTEXT((#3633))
GLOBAL_UNIT_ASSIGNED_CONTEXT((#3669,#3671,#3672))
REPRESENTATION_CONTEXT('','3D')
);
#3655=(
GEOMETRIC_REPRESENTATION_CONTEXT(3)
GLOBAL_UNCERTAINTY_ASSIGNED_CONTEXT((#3634))
GLOBAL_UNIT_ASSIGNED_CONTEXT((#3669,#3671,#3672))
REPRESENTATION_CONTEXT('','3D')
);
#3656=(
GEOMETRIC_REPRESENTATION_CONTEXT(3)
GLOBAL_UNCERTAINTY_ASSIGNED_CONTEXT((#3635))
GLOBAL_UNIT_ASSIGNED_CONTEXT((#3669,#3671,#3672))
REPRESENTATION_CONTEXT('','3D')
);
#3657=(
GEOMETRIC_REPRESENTATION_CONTEXT(3)
GLOBAL_UNCERTAINTY_ASSIGNED_CONTEXT((#3636))
GLOBAL_UNIT_ASSIGNED_CONTEXT((#3669,#3671,#3672))
REPRESENTATION_CONTEXT('','3D')
);
#3658=(
GEOMETRIC_REPRESENTATION_CONTEXT(3)
GLOBAL_UNCERTAINTY_ASSIGNED_CONTEXT((#3637))
GLOBAL_UNIT_ASSIGNED_CONTEXT((#3669,#3671,#3672))
REPRESENTATION_CONTEXT('','3D')
);
#3659=(
GEOMETRIC_REPRESENTATION_CONTEXT(3)
GLOBAL_UNCERTAINTY_ASSIGNED_CONTEXT((#3638))
GLOBAL_UNIT_ASSIGNED_CONTEXT((#3669,#3671,#3672))
REPRESENTATION_CONTEXT('','3D')
);
#3660=(
GEOMETRIC_REPRESENTATION_CONTEXT(3)
GLOBAL_UNCERTAINTY_ASSIGNED_CONTEXT((#3639))
GLOBAL_UNIT_ASSIGNED_CONTEXT((#3669,#3671,#3672))
REPRESENTATION_CONTEXT('','3D')
);
#3661=(
GEOMETRIC_REPRESENTATION_CONTEXT(3)
GLOBAL_UNCERTAINTY_ASSIGNED_CONTEXT((#3640))
GLOBAL_UNIT_ASSIGNED_CONTEXT((#3669,#3671,#3672))
REPRESENTATION_CONTEXT('','3D')
);
#3662=(
GEOMETRIC_REPRESENTATION_CONTEXT(3)
GLOBAL_UNCERTAINTY_ASSIGNED_CONTEXT((#3641))
GLOBAL_UNIT_ASSIGNED_CONTEXT((#3669,#3671,#3672))
REPRESENTATION_CONTEXT('','3D')
);
#3663=(
GEOMETRIC_REPRESENTATION_CONTEXT(3)
GLOBAL_UNCERTAINTY_ASSIGNED_CONTEXT((#3642))
GLOBAL_UNIT_ASSIGNED_CONTEXT((#3669,#3671,#3672))
REPRESENTATION_CONTEXT('','3D')
);
#3664=(
GEOMETRIC_REPRESENTATION_CONTEXT(3)
GLOBAL_UNCERTAINTY_ASSIGNED_CONTEXT((#3643))
GLOBAL_UNIT_ASSIGNED_CONTEXT((#3669,#3671,#3672))
REPRESENTATION_CONTEXT('','3D')
);
#3665=(
GEOMETRIC_REPRESENTATION_CONTEXT(3)
GLOBAL_UNCERTAINTY_ASSIGNED_CONTEXT((#3644))
GLOBAL_UNIT_ASSIGNED_CONTEXT((#3669,#3671,#3672))
REPRESENTATION_CONTEXT('','3D')
);
#3666=(
GEOMETRIC_REPRESENTATION_CONTEXT(3)
GLOBAL_UNCERTAINTY_ASSIGNED_CONTEXT((#3645))
GLOBAL_UNIT_ASSIGNED_CONTEXT((#3669,#3671,#3672))
REPRESENTATION_CONTEXT('','3D')
);
#3667=(
GEOMETRIC_REPRESENTATION_CONTEXT(3)
GLOBAL_UNCERTAINTY_ASSIGNED_CONTEXT((#3646))
GLOBAL_UNIT_ASSIGNED_CONTEXT((#3669,#3671,#3672))
REPRESENTATION_CONTEXT('','3D')
);
#3668=(
GEOMETRIC_REPRESENTATION_CONTEXT(3)
GLOBAL_UNCERTAINTY_ASSIGNED_CONTEXT((#3647))
GLOBAL_UNIT_ASSIGNED_CONTEXT((#3669,#3671,#3672))
REPRESENTATION_CONTEXT('','3D')
);
#3669=(
LENGTH_UNIT()
NAMED_UNIT(*)
SI_UNIT(.MILLI.,.METRE.)
);
#3670=(
LENGTH_UNIT()
NAMED_UNIT(*)
SI_UNIT($,.METRE.)
);
#3671=(
NAMED_UNIT(*)
PLANE_ANGLE_UNIT()
SI_UNIT($,.RADIAN.)
);
#3672=(
NAMED_UNIT(*)
SI_UNIT($,.STERADIAN.)
SOLID_ANGLE_UNIT()
);
#3673=SHAPE_DEFINITION_REPRESENTATION(#3693,#3736);
#3674=SHAPE_DEFINITION_REPRESENTATION(#3694,#3737);
#3675=SHAPE_DEFINITION_REPRESENTATION(#3695,#3738);
#3676=SHAPE_DEFINITION_REPRESENTATION(#3696,#3739);
#3677=SHAPE_DEFINITION_REPRESENTATION(#3697,#3740);
#3678=SHAPE_DEFINITION_REPRESENTATION(#3698,#3741);
#3679=SHAPE_DEFINITION_REPRESENTATION(#3703,#3742);
#3680=SHAPE_DEFINITION_REPRESENTATION(#3704,#3743);
#3681=SHAPE_DEFINITION_REPRESENTATION(#3705,#3744);
#3682=SHAPE_DEFINITION_REPRESENTATION(#3706,#3745);
#3683=SHAPE_DEFINITION_REPRESENTATION(#3707,#3746);
#3684=SHAPE_DEFINITION_REPRESENTATION(#3708,#3747);
#3685=SHAPE_DEFINITION_REPRESENTATION(#3709,#3748);
#3686=SHAPE_DEFINITION_REPRESENTATION(#3718,#3749);
#3687=SHAPE_DEFINITION_REPRESENTATION(#3719,#3750);
#3688=SHAPE_DEFINITION_REPRESENTATION(#3720,#3751);
#3689=SHAPE_DEFINITION_REPRESENTATION(#3721,#3752);
#3690=SHAPE_DEFINITION_REPRESENTATION(#3722,#3753);
#3691=SHAPE_DEFINITION_REPRESENTATION(#3723,#3754);
#3692=SHAPE_DEFINITION_REPRESENTATION(#3724,#3755);
#3693=PRODUCT_DEFINITION_SHAPE('',$,#3757);
#3694=PRODUCT_DEFINITION_SHAPE('',$,#3758);
#3695=PRODUCT_DEFINITION_SHAPE('',$,#3759);
#3696=PRODUCT_DEFINITION_SHAPE('',$,#3760);
#3697=PRODUCT_DEFINITION_SHAPE('',$,#3761);
#3698=PRODUCT_DEFINITION_SHAPE('',$,#3762);
#3699=PRODUCT_DEFINITION_SHAPE($,$,#98);
#3700=PRODUCT_DEFINITION_SHAPE($,$,#99);
#3701=PRODUCT_DEFINITION_SHAPE($,$,#100);
#3702=PRODUCT_DEFINITION_SHAPE($,$,#101);
#3703=PRODUCT_DEFINITION_SHAPE('',$,#3763);
#3704=PRODUCT_DEFINITION_SHAPE('',$,#3764);
#3705=PRODUCT_DEFINITION_SHAPE('',$,#3765);
#3706=PRODUCT_DEFINITION_SHAPE('',$,#3766);
#3707=PRODUCT_DEFINITION_SHAPE('',$,#3767);
#3708=PRODUCT_DEFINITION_SHAPE('',$,#3768);
#3709=PRODUCT_DEFINITION_SHAPE('',$,#3769);
#3710=PRODUCT_DEFINITION_SHAPE($,$,#102);
#3711=PRODUCT_DEFINITION_SHAPE($,$,#103);
#3712=PRODUCT_DEFINITION_SHAPE($,$,#104);
#3713=PRODUCT_DEFINITION_SHAPE($,$,#105);
#3714=PRODUCT_DEFINITION_SHAPE($,$,#106);
#3715=PRODUCT_DEFINITION_SHAPE($,$,#107);
#3716=PRODUCT_DEFINITION_SHAPE($,$,#108);
#3717=PRODUCT_DEFINITION_SHAPE($,$,#109);
#3718=PRODUCT_DEFINITION_SHAPE('',$,#3770);
#3719=PRODUCT_DEFINITION_SHAPE('',$,#3771);
#3720=PRODUCT_DEFINITION_SHAPE('',$,#3772);
#3721=PRODUCT_DEFINITION_SHAPE('',$,#3773);
#3722=PRODUCT_DEFINITION_SHAPE('',$,#3774);
#3723=PRODUCT_DEFINITION_SHAPE('',$,#3775);
#3724=PRODUCT_DEFINITION_SHAPE('',$,#3776);
#3725=PRODUCT_DEFINITION_SHAPE($,$,#110);
#3726=PRODUCT_DEFINITION_SHAPE($,$,#111);
#3727=PRODUCT_DEFINITION_SHAPE($,$,#112);
#3728=PRODUCT_DEFINITION_SHAPE($,$,#113);
#3729=PRODUCT_DEFINITION_SHAPE($,$,#114);
#3730=PRODUCT_DEFINITION_SHAPE($,$,#115);
#3731=PRODUCT_DEFINITION_SHAPE($,$,#116);
#3732=PRODUCT_DEFINITION_SHAPE($,$,#117);
#3733=PRODUCT_DEFINITION_SHAPE($,$,#118);
#3734=PRODUCT_DEFINITION_SHAPE($,$,#119);
#3735=PRODUCT_DEFINITION_SHAPE($,$,#120);
#3736=SHAPE_REPRESENTATION('',(#2291,#2453,#2454,#2455),#3648);
#3737=SHAPE_REPRESENTATION('',(#2292,#2329,#2330,#2331,#2332),#3649);
#3738=SHAPE_REPRESENTATION('',(#2293),#3650);
#3739=SHAPE_REPRESENTATION('',(#2302),#3651);
#3740=SHAPE_REPRESENTATION('',(#2311),#3652);
#3741=SHAPE_REPRESENTATION('',(#2320),#3653);
#3742=SHAPE_REPRESENTATION('',(#2333,#2400,#2401,#2402,#2403,#2404,#2405,
#2406,#2407),#3654);
#3743=SHAPE_REPRESENTATION('',(#2334),#3655);
#3744=SHAPE_REPRESENTATION('',(#2341),#3656);
#3745=SHAPE_REPRESENTATION('',(#2360),#3657);
#3746=SHAPE_REPRESENTATION('',(#2379),#3658);
#3747=SHAPE_REPRESENTATION('',(#2386),#3659);
#3748=SHAPE_REPRESENTATION('',(#2393),#3660);
#3749=SHAPE_REPRESENTATION('',(#2408,#2448,#2449,#2450,#2451,#2452),#3661);
#3750=SHAPE_REPRESENTATION('',(#2409),#3662);
#3751=SHAPE_REPRESENTATION('',(#2416),#3663);
#3752=SHAPE_REPRESENTATION('',(#2423),#3664);
#3753=SHAPE_REPRESENTATION('',(#2430),#3665);
#3754=SHAPE_REPRESENTATION('',(#2437,#2445,#2446,#2447),#3666);
#3755=SHAPE_REPRESENTATION('',(#2438),#3667);
#3756=PRODUCT_DEFINITION_CONTEXT('part definition',#3818,'design');
#3757=PRODUCT_DEFINITION('Bench','Bench v16',#3777,#3756);
#3758=PRODUCT_DEFINITION('Legs','Legs',#3778,#3756);
#3759=PRODUCT_DEFINITION('Front Left Leg','Front Left Leg',#3779,#3756);
#3760=PRODUCT_DEFINITION('Front Right Leg','Front Right Leg',#3780,#3756);
#3761=PRODUCT_DEFINITION('Back Left Leg','Back Left Leg',#3781,#3756);
#3762=PRODUCT_DEFINITION('Back Right Leg','Back Right Leg',#3782,#3756);
#3763=PRODUCT_DEFINITION('Top','Top',#3783,#3756);
#3764=PRODUCT_DEFINITION('Top Ply','Top Ply',#3784,#3756);
#3765=PRODUCT_DEFINITION('Right Short Studs','Right Short Studs',#3785,
#3756);
#3766=PRODUCT_DEFINITION('Left Short Studs','Left Short Studs',#3786,#3756);
#3767=PRODUCT_DEFINITION('Back Top Stretcher','Back Top Stretcher',#3787,
#3756);
#3768=PRODUCT_DEFINITION('Front Top Stretcher','Front Top Stretcher',#3788,
#3756);
#3769=PRODUCT_DEFINITION('Top Studs','Top Studs',#3789,#3756);
#3770=PRODUCT_DEFINITION('Base','Base',#3790,#3756);
#3771=PRODUCT_DEFINITION('Front Stretcher','Front Stretcher',#3791,#3756);
#3772=PRODUCT_DEFINITION('Right Stretcher','Right Stretcher',#3792,#3756);
#3773=PRODUCT_DEFINITION('Back Stretcher','Back Stretcher',#3793,#3756);
#3774=PRODUCT_DEFINITION('Left Stretcher','Left Stretcher',#3794,#3756);
#3775=PRODUCT_DEFINITION('Base Support','Base Support',#3795,#3756);
#3776=PRODUCT_DEFINITION('BaseSupport','BaseSupport',#3796,#3756);
#3777=PRODUCT_DEFINITION_FORMATION('',$,#3820);
#3778=PRODUCT_DEFINITION_FORMATION('',$,#3821);
#3779=PRODUCT_DEFINITION_FORMATION('',$,#3822);
#3780=PRODUCT_DEFINITION_FORMATION('',$,#3823);
#3781=PRODUCT_DEFINITION_FORMATION('',$,#3824);
#3782=PRODUCT_DEFINITION_FORMATION('',$,#3825);
#3783=PRODUCT_DEFINITION_FORMATION('',$,#3826);
#3784=PRODUCT_DEFINITION_FORMATION('',$,#3827);
#3785=PRODUCT_DEFINITION_FORMATION('',$,#3828);
#3786=PRODUCT_DEFINITION_FORMATION('',$,#3829);
#3787=PRODUCT_DEFINITION_FORMATION('',$,#3830);
#3788=PRODUCT_DEFINITION_FORMATION('',$,#3831);
#3789=PRODUCT_DEFINITION_FORMATION('',$,#3832);
#3790=PRODUCT_DEFINITION_FORMATION('',$,#3833);
#3791=PRODUCT_DEFINITION_FORMATION('',$,#3834);
#3792=PRODUCT_DEFINITION_FORMATION('',$,#3835);
#3793=PRODUCT_DEFINITION_FORMATION('',$,#3836);
#3794=PRODUCT_DEFINITION_FORMATION('',$,#3837);
#3795=PRODUCT_DEFINITION_FORMATION('',$,#3838);
#3796=PRODUCT_DEFINITION_FORMATION('',$,#3839);
#3797=PRODUCT_RELATED_PRODUCT_CATEGORY('Bench v16','Bench v16',(#3820));
#3798=PRODUCT_RELATED_PRODUCT_CATEGORY('Legs','Legs',(#3821));
#3799=PRODUCT_RELATED_PRODUCT_CATEGORY('Front Left Leg',
'Front Left Leg',(#3822));
#3800=PRODUCT_RELATED_PRODUCT_CATEGORY('Front Right Leg',
'Front Right Leg',(#3823));
#3801=PRODUCT_RELATED_PRODUCT_CATEGORY('Back Left Leg','Back Left Leg',
(#3824));
#3802=PRODUCT_RELATED_PRODUCT_CATEGORY('Back Right Leg',
'Back Right Leg',(#3825));
#3803=PRODUCT_RELATED_PRODUCT_CATEGORY('Top','Top',(#3826));
#3804=PRODUCT_RELATED_PRODUCT_CATEGORY('Top Ply','Top Ply',(#3827));
#3805=PRODUCT_RELATED_PRODUCT_CATEGORY('Right Short Studs',
'Right Short Studs',(#3828));
#3806=PRODUCT_RELATED_PRODUCT_CATEGORY('Left Short Studs',
'Left Short Studs',(#3829));
#3807=PRODUCT_RELATED_PRODUCT_CATEGORY('Back Top Stretcher',
'Back Top Stretcher',(#3830));
#3808=PRODUCT_RELATED_PRODUCT_CATEGORY('Front Top Stretcher',
'Front Top Stretcher',(#3831));
#3809=PRODUCT_RELATED_PRODUCT_CATEGORY('Top Studs','Top Studs',(#3832));
#3810=PRODUCT_RELATED_PRODUCT_CATEGORY('Base','Base',(#3833));
#3811=PRODUCT_RELATED_PRODUCT_CATEGORY('Front Stretcher',
'Front Stretcher',(#3834));
#3812=PRODUCT_RELATED_PRODUCT_CATEGORY('Right Stretcher',
'Right Stretcher',(#3835));
#3813=PRODUCT_RELATED_PRODUCT_CATEGORY('Back Stretcher',
'Back Stretcher',(#3836));
#3814=PRODUCT_RELATED_PRODUCT_CATEGORY('Left Stretcher',
'Left Stretcher',(#3837));
#3815=PRODUCT_RELATED_PRODUCT_CATEGORY('Base Support','Base Support',(#3838));
#3816=PRODUCT_RELATED_PRODUCT_CATEGORY('BaseSupport','BaseSupport',(#3839));
#3817=APPLICATION_PROTOCOL_DEFINITION('international standard',
'automotive_design',2009,#3818);
#3818=APPLICATION_CONTEXT(
'Core Data for Automotive Mechanical Design Process');
#3819=PRODUCT_CONTEXT('part definition',#3818,'mechanical');
#3820=PRODUCT('Bench','Bench v16',$,(#3819));
#3821=PRODUCT('Legs','Legs',$,(#3819));
#3822=PRODUCT('Front Left Leg','Front Left Leg',$,(#3819));
#3823=PRODUCT('Front Right Leg','Front Right Leg',$,(#3819));
#3824=PRODUCT('Back Left Leg','Back Left Leg',$,(#3819));
#3825=PRODUCT('Back Right Leg','Back Right Leg',$,(#3819));
#3826=PRODUCT('Top','Top',$,(#3819));
#3827=PRODUCT('Top Ply','Top Ply',$,(#3819));
#3828=PRODUCT('Right Short Studs','Right Short Studs',$,(#3819));
#3829=PRODUCT('Left Short Studs','Left Short Studs',$,(#3819));
#3830=PRODUCT('Back Top Stretcher','Back Top Stretcher',$,(#3819));
#3831=PRODUCT('Front Top Stretcher','Front Top Stretcher',$,(#3819));
#3832=PRODUCT('Top Studs','Top Studs',$,(#3819));
#3833=PRODUCT('Base','Base',$,(#3819));
#3834=PRODUCT('Front Stretcher','Front Stretcher',$,(#3819));
#3835=PRODUCT('Right Stretcher','Right Stretcher',$,(#3819));
#3836=PRODUCT('Back Stretcher','Back Stretcher',$,(#3819));
#3837=PRODUCT('Left Stretcher','Left Stretcher',$,(#3819));
#3838=PRODUCT('Base Support','Base Support',$,(#3819));
#3839=PRODUCT('BaseSupport','BaseSupport',$,(#3819));
#3840=PRESENTATION_STYLE_ASSIGNMENT((#3843));
#3841=PRESENTATION_STYLE_ASSIGNMENT((#3844));
#3842=PRESENTATION_STYLE_ASSIGNMENT((NULL_STYLE(.NULL.)));
#3843=SURFACE_STYLE_USAGE(.BOTH.,#3845);
#3844=SURFACE_STYLE_USAGE(.BOTH.,#3846);
#3845=SURFACE_SIDE_STYLE('',(#3847));
#3846=SURFACE_SIDE_STYLE('',(#3848));
#3847=SURFACE_STYLE_FILL_AREA(#3849);
#3848=SURFACE_STYLE_FILL_AREA(#3850);
#3849=FILL_AREA_STYLE('Steel - Satin',(#3851));
#3850=FILL_AREA_STYLE('Pine',(#3852));
#3851=FILL_AREA_STYLE_COLOUR('Steel - Satin',#3853);
#3852=FILL_AREA_STYLE_COLOUR('Pine',#3854);
#3853=COLOUR_RGB('Steel - Satin',0.627450980392157,0.627450980392157,0.627450980392157);
#3854=COLOUR_RGB('Pine',0.,0.,0.);
ENDSEC;
END-ISO-10303-21;
